Week ending,Source,East Region,Midwest Region,Mountain Region,Pacific Region,South Central Region,Salt,NonSalt,Total Lower 48,,,,,,,,
01-Jan-10,Derived EIA Weekly Estimates,769.00,900.00,195.00,268.00,985.00,159.00,826.00,3117.00,,,,,,,,
08-Jan-10,Derived EIA Weekly Estimates,703.00,820.00,185.00,257.00,886.00,123.00,763.00,2850.00,,,,,,,,
15-Jan-10,Derived EIA Weekly Estimates,642.00,750.00,176.00,246.00,793.00,91.00,702.00,2607.00,,,,,,,,
22-Jan-10,Derived EIA Weekly Estimates,616.00,710.00,171.00,235.00,789.00,102.00,687.00,2521.00,,,,,,,,
29-Jan-10,Derived EIA Weekly Estimates,582.00,661.00,164.00,221.00,779.00,108.00,671.00,2406.00,,,,,,,,
05-Feb-10,Derived EIA Weekly Estimates,523.00,604.00,157.00,211.00,719.00,95.00,624.00,2214.00,,,,,,,,
12-Feb-10,Derived EIA Weekly Estimates,471.00,552.00,148.00,197.00,658.00,85.00,573.00,2026.00,,,,,,,,
19-Feb-10,Derived EIA Weekly Estimates,425.00,502.00,141.00,193.00,592.00,71.00,521.00,1853.00,,,,,,,,
26-Feb-10,Derived EIA Weekly Estimates,390.00,464.00,133.00,184.00,566.00,70.00,496.00,1738.00,,,,,,,,
05-Mar-10,Derived EIA Weekly Estimates,349.00,433.00,129.00,182.00,535.00,63.00,472.00,1627.00,,,,,,,,
12-Mar-10,Derived EIA Weekly Estimates,341.00,422.00,127.00,176.00,548.00,71.00,477.00,1614.00,,,,,,,,
19-Mar-10,Derived EIA Weekly Estimates,334.00,419.00,126.00,179.00,567.00,80.00,487.00,1626.00,,,,,,,,
26-Mar-10,Derived EIA Weekly Estimates,336.00,410.00,126.00,185.00,581.00,89.00,492.00,1638.00,,,,,,,,
02-Apr-10,Derived EIA Weekly Estimates,333.00,410.00,126.00,189.00,612.00,101.00,511.00,1670.00,,,,,,,,
09-Apr-10,Derived EIA Weekly Estimates,358.00,429.00,126.00,193.00,649.00,112.00,537.00,1754.00,,,,,,,,
16-Apr-10,Derived EIA Weekly Estimates,376.00,444.00,129.00,199.00,679.00,120.00,559.00,1828.00,,,,,,,,
23-Apr-10,Derived EIA Weekly Estimates,397.00,462.00,134.00,209.00,710.00,126.00,584.00,1912.00,,,,,,,,
30-Apr-10,Derived EIA Weekly Estimates,416.00,480.00,138.00,220.00,741.00,133.00,608.00,1994.00,,,,,,,,
07-May-10,Derived EIA Weekly Estimates,444.00,506.00,142.00,230.00,770.00,138.00,632.00,2091.00,,,,,,,,
14-May-10,Derived EIA Weekly Estimates,463.00,520.00,147.00,241.00,794.00,144.00,650.00,2165.00,,,,,,,,
21-May-10,Derived EIA Weekly Estimates,491.00,546.00,154.00,253.00,824.00,149.00,675.00,2268.00,,,,,,,,
28-May-10,Derived EIA Weekly Estimates,518.00,567.00,161.00,265.00,846.00,151.00,695.00,2357.00,,,,,,,,
04-Jun-10,Derived EIA Weekly Estimates,545.00,593.00,165.00,279.00,874.00,158.00,716.00,2456.00,,,,,,,,
11-Jun-10,Derived EIA Weekly Estimates,571.00,619.00,168.00,288.00,895.00,160.00,735.00,2542.00,,,,,,,,
18-Jun-10,Derived EIA Weekly Estimates,596.00,645.00,173.00,299.00,912.00,161.00,751.00,2625.00,,,,,,,,
25-Jun-10,Derived EIA Weekly Estimates,615.00,666.00,178.00,305.00,920.00,158.00,762.00,2684.00,,,,,,,,
02-Jul-10,Derived EIA Weekly Estimates,638.00,691.00,182.00,311.00,938.00,160.00,778.00,2761.00,,,,,,,,
09-Jul-10,Derived EIA Weekly Estimates,659.00,715.00,188.00,318.00,962.00,168.00,794.00,2841.00,,,,,,,,
16-Jul-10,Derived EIA Weekly Estimates,681.00,735.00,192.00,317.00,968.00,163.00,805.00,2893.00,,,,,,,,
23-Jul-10,Derived EIA Weekly Estimates,698.00,751.00,195.00,314.00,962.00,157.00,805.00,2919.00,,,,,,,,
30-Jul-10,Derived EIA Weekly Estimates,716.00,766.00,197.00,313.00,955.00,148.00,807.00,2947.00,,,,,,,,
06-Aug-10,Derived EIA Weekly Estimates,737.00,788.00,199.00,314.00,946.00,144.00,802.00,2984.00,,,,,,,,
13-Aug-10,Derived EIA Weekly Estimates,758.00,808.00,202.00,314.00,930.00,136.00,794.00,3013.00,,,,,,,,
20-Aug-10,Derived EIA Weekly Estimates,781.00,833.00,205.00,309.00,925.00,131.00,794.00,3054.00,,,,,,,,
27-Aug-10,Derived EIA Weekly Estimates,805.00,861.00,209.00,301.00,930.00,133.00,797.00,3105.00,,,,,,,,
03-Sep-10,Derived EIA Weekly Estimates,814.00,886.00,212.00,303.00,948.00,136.00,812.00,3163.00,,,,,,,,
10-Sep-10,Derived EIA Weekly Estimates,835.00,919.00,221.00,307.00,984.00,150.00,834.00,3267.00,,,,,,,,
17-Sep-10,Derived EIA Weekly Estimates,856.00,951.00,223.00,307.00,1005.00,150.00,855.00,3341.00,,,,,,,,
24-Sep-10,Derived EIA Weekly Estimates,876.00,979.00,227.00,309.00,1024.00,153.00,871.00,3415.00,,,,,,,,
01-Oct-10,Derived EIA Weekly Estimates,896.00,1011.00,230.00,307.00,1055.00,162.00,893.00,3499.00,,,,,,,,
08-Oct-10,Derived EIA Weekly Estimates,912.00,1039.00,232.00,313.00,1095.00,168.00,927.00,3590.00,,,,,,,,
15-Oct-10,Derived EIA Weekly Estimates,930.00,1071.00,233.00,317.00,1132.00,182.00,950.00,3683.00,,,,,,,,
22-Oct-10,Derived EIA Weekly Estimates,940.00,1096.00,236.00,321.00,1162.00,189.00,973.00,3754.00,,,,,,,,
29-Oct-10,Derived EIA Weekly Estimates,955.00,1120.00,235.00,323.00,1188.00,193.00,995.00,3821.00,,,,,,,,
05-Nov-10,Derived EIA Weekly Estimates,950.00,1124.00,236.00,327.00,1203.00,199.00,1004.00,3840.00,,,,,,,,
12-Nov-10,Derived EIA Weekly Estimates,940.00,1126.00,236.00,326.00,1206.00,207.00,999.00,3834.00,,,,,,,,
19-Nov-10,Derived EIA Weekly Estimates,940.00,1115.00,234.00,329.00,1210.00,211.00,999.00,3828.00,,,,,,,,
26-Nov-10,Derived EIA Weekly Estimates,940.00,1100.00,227.00,313.00,1224.00,218.00,1006.00,3805.00,,,,,,,,
03-Dec-10,Derived EIA Weekly Estimates,918.00,1071.00,222.00,298.00,1208.00,215.00,993.00,3717.00,,,,,,,,
10-Dec-10,Derived EIA Weekly Estimates,862.00,1017.00,216.00,293.00,1165.00,205.00,960.00,3553.00,,,,,,,,
17-Dec-10,Derived EIA Weekly Estimates,807.00,956.00,209.00,289.00,1108.00,186.00,922.00,3369.00,,,,,,,,
24-Dec-10,Derived EIA Weekly Estimates,756.00,904.00,201.00,284.00,1087.00,182.00,905.00,3232.00,,,,,,,,
31-Dec-10,Derived EIA Weekly Estimates,715.00,866.00,192.00,275.00,1050.00,175.00,875.00,3097.00,,,,,,,,
07-Jan-11,Derived EIA Weekly Estimates,684.00,817.00,181.00,248.00,1030.00,183.00,847.00,2960.00,,,,,,,,
14-Jan-11,Derived EIA Weekly Estimates,622.00,753.00,172.00,229.00,939.00,158.00,781.00,2716.00,,,,,,,,
21-Jan-11,Derived EIA Weekly Estimates,577.00,696.00,164.00,221.00,885.00,153.00,732.00,2543.00,,,,,,,,
28-Jan-11,Derived EIA Weekly Estimates,519.00,639.00,156.00,211.00,830.00,142.00,688.00,2355.00,,,,,,,,
04-Feb-11,Derived EIA Weekly Estimates,470.00,578.00,145.00,187.00,763.00,123.00,640.00,2144.00,,,,,,,,
11-Feb-11,Derived EIA Weekly Estimates,421.00,510.00,137.00,171.00,672.00,90.00,582.00,1910.00,,,,,,,,
18-Feb-11,Derived EIA Weekly Estimates,392.00,482.00,132.00,162.00,662.00,90.00,572.00,1831.00,,,,,,,,
25-Feb-11,Derived EIA Weekly Estimates,359.00,445.00,124.00,147.00,671.00,100.00,571.00,1745.00,,,,,,,,
04-Mar-11,Derived EIA Weekly Estimates,330.00,412.00,118.00,136.00,676.00,106.00,570.00,1672.00,,,,,,,,
11-Mar-11,Derived EIA Weekly Estimates,308.00,384.00,113.00,137.00,674.00,111.00,563.00,1616.00,,,,,,,,
18-Mar-11,Derived EIA Weekly Estimates,296.00,373.00,112.00,141.00,688.00,121.00,567.00,1611.00,,,,,,,,
25-Mar-11,Derived EIA Weekly Estimates,293.00,369.00,110.00,137.00,713.00,131.00,582.00,1622.00,,,,,,,,
01-Apr-11,Derived EIA Weekly Estimates,265.00,346.00,110.00,142.00,716.00,138.00,578.00,1578.00,,,,,,,,
08-Apr-11,Derived EIA Weekly Estimates,269.00,349.00,107.00,145.00,736.00,143.00,593.00,1606.00,,,,,,,,
15-Apr-11,Derived EIA Weekly Estimates,284.00,362.00,106.00,148.00,753.00,143.00,610.00,1654.00,,,,,,,,
22-Apr-11,Derived EIA Weekly Estimates,298.00,362.00,105.00,153.00,766.00,144.00,622.00,1685.00,,,,,,,,
29-Apr-11,Derived EIA Weekly Estimates,321.00,380.00,105.00,161.00,789.00,149.00,640.00,1757.00,,,,,,,,
06-May-11,Derived EIA Weekly Estimates,344.00,398.00,106.00,168.00,812.00,155.00,657.00,1827.00,,,,,,,,
13-May-11,Derived EIA Weekly Estimates,375.00,423.00,108.00,177.00,837.00,161.00,676.00,1919.00,,,,,,,,
20-May-11,Derived EIA Weekly Estimates,405.00,447.00,111.00,186.00,874.00,175.00,699.00,2023.00,,,,,,,,
27-May-11,Derived EIA Weekly Estimates,434.00,469.00,115.00,197.00,892.00,177.00,715.00,2107.00,,,,,,,,
03-Jun-11,Derived EIA Weekly Estimates,458.00,494.00,120.00,206.00,910.00,179.00,731.00,2188.00,,,,,,,,
10-Jun-11,Derived EIA Weekly Estimates,483.00,517.00,125.00,217.00,916.00,180.00,736.00,2257.00,,,,,,,,
17-Jun-11,Derived EIA Weekly Estimates,515.00,548.00,131.00,229.00,931.00,184.00,747.00,2354.00,,,,,,,,
24-Jun-11,Derived EIA Weekly Estimates,542.00,576.00,136.00,237.00,941.00,182.00,759.00,2432.00,,,,,,,,
01-Jul-11,Derived EIA Weekly Estimates,574.00,605.00,142.00,248.00,957.00,184.00,773.00,2526.00,,,,,,,,
08-Jul-11,Derived EIA Weekly Estimates,602.00,635.00,148.00,254.00,972.00,185.00,787.00,2611.00,,,,,,,,
15-Jul-11,Derived EIA Weekly Estimates,627.00,660.00,154.00,264.00,966.00,176.00,790.00,2671.00,,,,,,,,
22-Jul-11,Derived EIA Weekly Estimates,646.00,681.00,158.00,271.00,958.00,167.00,791.00,2714.00,,,,,,,,
29-Jul-11,Derived EIA Weekly Estimates,666.00,703.00,152.00,285.00,954.00,160.00,794.00,2759.00,,,,,,,,
05-Aug-11,Derived EIA Weekly Estimates,683.00,724.00,155.00,288.00,933.00,151.00,782.00,2783.00,,,,,,,,
12-Aug-11,Derived EIA Weekly Estimates,702.00,752.00,160.00,294.00,925.00,142.00,783.00,2833.00,,,,,,,,
19-Aug-11,Derived EIA Weekly Estimates,729.00,784.00,164.00,298.00,932.00,143.00,789.00,2906.00,,,,,,,,
26-Aug-11,Derived EIA Weekly Estimates,751.00,815.00,168.00,298.00,929.00,139.00,790.00,2960.00,,,,,,,,
02-Sep-11,Derived EIA Weekly Estimates,776.00,848.00,171.00,298.00,932.00,139.00,793.00,3025.00,,,,,,,,
09-Sep-11,Derived EIA Weekly Estimates,801.00,882.00,176.00,299.00,951.00,144.00,807.00,3110.00,,,,,,,,
16-Sep-11,Derived EIA Weekly Estimates,825.00,916.00,180.00,305.00,975.00,153.00,822.00,3201.00,,,,,,,,
23-Sep-11,Derived EIA Weekly Estimates,855.00,953.00,185.00,312.00,1007.00,166.00,841.00,3311.00,,,,,,,,
30-Sep-11,Derived EIA Weekly Estimates,879.00,990.00,189.00,319.00,1031.00,170.00,861.00,3408.00,,,,,,,,
07-Oct-11,Derived EIA Weekly Estimates,900.00,1023.00,194.00,330.00,1074.00,188.00,886.00,3521.00,,,,,,,,
14-Oct-11,Derived EIA Weekly Estimates,922.00,1059.00,196.00,337.00,1111.00,206.00,905.00,3624.00,,,,,,,,
21-Oct-11,Derived EIA Weekly Estimates,939.00,1086.00,198.00,342.00,1151.00,226.00,925.00,3717.00,,,,,,,,
28-Oct-11,Derived EIA Weekly Estimates,947.00,1109.00,200.00,348.00,1189.00,244.00,945.00,3793.00,,,,,,,,
04-Nov-11,Derived EIA Weekly Estimates,950.00,1122.00,201.00,353.00,1204.00,253.00,951.00,3830.00,,,,,,,,
11-Nov-11,Derived EIA Weekly Estimates,955.00,1123.00,201.00,353.00,1212.00,263.00,949.00,3844.00,,,,,,,,
18-Nov-11,Derived EIA Weekly Estimates,957.00,1122.00,203.00,356.00,1216.00,268.00,948.00,3853.00,,,,,,,,
25-Nov-11,Derived EIA Weekly Estimates,953.00,1108.00,204.00,357.00,1229.00,276.00,953.00,3850.00,,,,,,,,
02-Dec-11,Derived EIA Weekly Estimates,951.00,1093.00,203.00,359.00,1224.00,281.00,943.00,3830.00,,,,,,,,
09-Dec-11,Derived EIA Weekly Estimates,935.00,1061.00,195.00,342.00,1197.00,276.00,921.00,3729.00,,,,,,,,
16-Dec-11,Derived EIA Weekly Estimates,905.00,1028.00,191.00,324.00,1182.00,274.00,908.00,3628.00,,,,,,,,
23-Dec-11,Derived EIA Weekly Estimates,881.00,998.00,186.00,309.00,1173.00,275.00,898.00,3548.00,,,,,,,,
30-Dec-11,Derived EIA Weekly Estimates,853.00,964.00,183.00,308.00,1163.00,279.00,884.00,3471.00,,,,,,,,
06-Jan-12,Derived EIA Weekly Estimates,819.00,923.00,180.00,308.00,1147.00,274.00,873.00,3377.00,,,,,,,,
13-Jan-12,Derived EIA Weekly Estimates,791.00,890.00,174.00,301.00,1134.00,276.00,858.00,3290.00,,,,,,,,
20-Jan-12,Derived EIA Weekly Estimates,728.00,831.00,165.00,283.00,1090.00,260.00,830.00,3098.00,,,,,,,,
27-Jan-12,Derived EIA Weekly Estimates,682.00,778.00,160.00,278.00,1068.00,254.00,814.00,2966.00,,,,,,,,
03-Feb-12,Derived EIA Weekly Estimates,656.00,745.00,157.00,275.00,1056.00,250.00,806.00,2888.00,,,,,,,,
10-Feb-12,Derived EIA Weekly Estimates,616.00,702.00,152.00,272.00,1018.00,240.00,778.00,2761.00,,,,,,,,
17-Feb-12,Derived EIA Weekly Estimates,570.00,651.00,146.00,267.00,961.00,217.00,744.00,2595.00,,,,,,,,
24-Feb-12,Derived EIA Weekly Estimates,545.00,619.00,141.00,266.00,942.00,214.00,728.00,2513.00,,,,,,,,
02-Mar-12,Derived EIA Weekly Estimates,515.00,589.00,137.00,258.00,934.00,216.00,718.00,2433.00,,,,,,,,
09-Mar-12,Derived EIA Weekly Estimates,491.00,558.00,133.00,255.00,933.00,223.00,710.00,2369.00,,,,,,,,
16-Mar-12,Derived EIA Weekly Estimates,489.00,550.00,134.00,255.00,952.00,232.00,720.00,2380.00,,,,,,,,
23-Mar-12,Derived EIA Weekly Estimates,506.00,557.00,134.00,253.00,980.00,247.00,733.00,2429.00,,,,,,,,
30-Mar-12,Derived EIA Weekly Estimates,510.00,563.00,137.00,256.00,1006.00,260.00,746.00,2472.00,,,,,,,,
06-Apr-12,Derived EIA Weekly Estimates,515.00,564.00,137.00,261.00,1001.00,258.00,743.00,2478.00,,,,,,,,
13-Apr-12,Derived EIA Weekly Estimates,524.00,569.00,139.00,265.00,1006.00,259.00,747.00,2503.00,,,,,,,,
20-Apr-12,Derived EIA Weekly Estimates,546.00,587.00,139.00,270.00,1006.00,254.00,752.00,2546.00,,,,,,,,
27-Apr-12,Derived EIA Weekly Estimates,557.00,597.00,142.00,276.00,1005.00,249.00,756.00,2576.00,,,,,,,,
04-May-12,Derived EIA Weekly Estimates,571.00,607.00,144.00,283.00,1001.00,241.00,760.00,2606.00,,,,,,,,
11-May-12,Derived EIA Weekly Estimates,597.00,628.00,146.00,289.00,1008.00,238.00,770.00,2667.00,,,,,,,,
18-May-12,Derived EIA Weekly Estimates,621.00,648.00,148.00,300.00,1027.00,257.00,770.00,2744.00,,,,,,,,
25-May-12,Derived EIA Weekly Estimates,644.00,669.00,151.00,309.00,1042.00,261.00,781.00,2815.00,,,,,,,,
01-Jun-12,Derived EIA Weekly Estimates,663.00,689.00,155.00,318.00,1053.00,260.00,793.00,2877.00,,,,,,,,
08-Jun-12,Derived EIA Weekly Estimates,685.00,709.00,159.00,327.00,1063.00,261.00,802.00,2944.00,,,,,,,,
15-Jun-12,Derived EIA Weekly Estimates,704.00,727.00,162.00,335.00,1077.00,265.00,812.00,3006.00,,,,,,,,
22-Jun-12,Derived EIA Weekly Estimates,719.00,746.00,165.00,342.00,1091.00,267.00,824.00,3063.00,,,,,,,,
29-Jun-12,Derived EIA Weekly Estimates,738.00,764.00,169.00,353.00,1080.00,258.00,822.00,3102.00,,,,,,,,
06-Jul-12,Derived EIA Weekly Estimates,747.00,775.00,174.00,360.00,1079.00,251.00,828.00,3135.00,,,,,,,,
13-Jul-12,Derived EIA Weekly Estimates,756.00,789.00,178.00,360.00,1080.00,247.00,833.00,3163.00,,,,,,,,
20-Jul-12,Derived EIA Weekly Estimates,764.00,801.00,182.00,364.00,1079.00,242.00,837.00,3190.00,,,,,,,,
27-Jul-12,Derived EIA Weekly Estimates,775.00,820.00,185.00,364.00,1073.00,234.00,839.00,3217.00,,,,,,,,
03-Aug-12,Derived EIA Weekly Estimates,786.00,839.00,187.00,361.00,1067.00,226.00,841.00,3240.00,,,,,,,,
10-Aug-12,Derived EIA Weekly Estimates,796.00,858.00,189.00,354.00,1063.00,220.00,843.00,3261.00,,,,,,,,
17-Aug-12,Derived EIA Weekly Estimates,815.00,887.00,193.00,345.00,1068.00,218.00,850.00,3308.00,,,,,,,,
24-Aug-12,Derived EIA Weekly Estimates,836.00,913.00,196.00,345.00,1084.00,227.00,857.00,3374.00,,,,,,,,
31-Aug-12,Derived EIA Weekly Estimates,847.00,936.00,200.00,342.00,1077.00,221.00,856.00,3402.00,,,,,,,,
07-Sep-12,Derived EIA Weekly Estimates,857.00,964.00,204.00,341.00,1062.00,207.00,855.00,3429.00,,,,,,,,
14-Sep-12,Derived EIA Weekly Estimates,874.00,991.00,209.00,341.00,1082.00,217.00,865.00,3496.00,,,,,,,,
21-Sep-12,Derived EIA Weekly Estimates,892.00,1018.00,213.00,342.00,1111.00,232.00,879.00,3576.00,,,,,,,,
28-Sep-12,Derived EIA Weekly Estimates,908.00,1044.00,217.00,347.00,1137.00,245.00,892.00,3654.00,,,,,,,,
05-Oct-12,Derived EIA Weekly Estimates,926.00,1067.00,220.00,348.00,1164.00,260.00,904.00,3726.00,,,,,,,,
12-Oct-12,Derived EIA Weekly Estimates,936.00,1081.00,221.00,355.00,1182.00,271.00,911.00,3776.00,,,,,,,,
19-Oct-12,Derived EIA Weekly Estimates,945.00,1100.00,225.00,362.00,1210.00,286.00,924.00,3843.00,,,,,,,,
26-Oct-12,Derived EIA Weekly Estimates,960.00,1119.00,227.00,368.00,1233.00,300.00,933.00,3907.00,,,,,,,,
02-Nov-12,Derived EIA Weekly Estimates,960.00,1124.00,230.00,375.00,1240.00,307.00,933.00,3928.00,,,,,,,,
09-Nov-12,Derived EIA Weekly Estimates,942.00,1118.00,231.00,377.00,1242.00,310.00,932.00,3910.00,,,,,,,,
16-Nov-12,Derived EIA Weekly Estimates,935.00,1107.00,227.00,374.00,1230.00,311.00,919.00,3873.00,,,,,,,,
23-Nov-12,Derived EIA Weekly Estimates,927.00,1103.00,228.00,378.00,1241.00,317.00,924.00,3876.00,,,,,,,,
30-Nov-12,Derived EIA Weekly Estimates,902.00,1072.00,228.00,375.00,1228.00,316.00,912.00,3804.00,,,,,,,,
07-Dec-12,Derived EIA Weekly Estimates,900.00,1062.00,228.00,376.00,1240.00,320.00,920.00,3806.00,,,,,,,,
14-Dec-12,Derived EIA Weekly Estimates,884.00,1029.00,222.00,372.00,1216.00,312.00,904.00,3724.00,,,,,,,,
21-Dec-12,Derived EIA Weekly Estimates,868.00,1004.00,216.00,360.00,1206.00,310.00,896.00,3653.00,,,,,,,,
28-Dec-12,Derived EIA Weekly Estimates,829.00,959.00,207.00,352.00,1170.00,302.00,868.00,3517.00,,,,,,,,
04-Jan-13,Derived EIA Weekly Estimates,776.00,901.00,197.00,333.00,1111.00,283.00,828.00,3316.00,,,,,,,,
11-Jan-13,Derived EIA Weekly Estimates,736.00,855.00,190.00,316.00,1072.00,275.00,797.00,3167.00,,,,,,,,
18-Jan-13,Derived EIA Weekly Estimates,708.00,804.00,178.00,286.00,1020.00,260.00,760.00,2996.00,,,,,,,,
25-Jan-13,Derived EIA Weekly Estimates,651.00,732.00,172.00,274.00,973.00,244.00,729.00,2802.00,,,,,,,,
01-Feb-13,Derived EIA Weekly Estimates,608.00,688.00,165.00,269.00,954.00,240.00,714.00,2684.00,,,,,,,,
08-Feb-13,Derived EIA Weekly Estimates,549.00,631.00,159.00,266.00,921.00,234.00,687.00,2526.00,,,,,,,,
15-Feb-13,Derived EIA Weekly Estimates,512.00,590.00,153.00,259.00,887.00,225.00,662.00,2400.00,,,,,,,,
22-Feb-13,Derived EIA Weekly Estimates,458.00,534.00,146.00,252.00,838.00,208.00,630.00,2229.00,,,,,,,,
01-Mar-13,Derived EIA Weekly Estimates,424.00,493.00,139.00,247.00,780.00,190.00,590.00,2082.00,,,,,,,,
08-Mar-13,Derived EIA Weekly Estimates,377.00,448.00,136.00,245.00,732.00,175.00,557.00,1938.00,,,,,,,,
15-Mar-13,Derived EIA Weekly Estimates,357.00,422.00,132.00,248.00,717.00,180.00,537.00,1876.00,,,,,,,,
22-Mar-13,Derived EIA Weekly Estimates,324.00,382.00,127.00,248.00,700.00,178.00,522.00,1781.00,,,,,,,,
29-Mar-13,Derived EIA Weekly Estimates,302.00,356.00,122.00,248.00,659.00,166.00,493.00,1687.00,,,,,,,,
05-Apr-13,Derived EIA Weekly Estimates,295.00,347.00,123.00,256.00,654.00,168.00,486.00,1674.00,,,,,,,,
12-Apr-13,Derived EIA Weekly Estimates,310.00,351.00,120.00,258.00,666.00,179.00,487.00,1705.00,,,,,,,,
19-Apr-13,Derived EIA Weekly Estimates,329.00,354.00,117.00,258.00,676.00,187.00,489.00,1734.00,,,,,,,,
26-Apr-13,Derived EIA Weekly Estimates,344.00,356.00,118.00,262.00,697.00,198.00,499.00,1776.00,,,,,,,,
03-May-13,Derived EIA Weekly Estimates,376.00,376.00,118.00,268.00,728.00,212.00,516.00,1866.00,,,,,,,,
10-May-13,Derived EIA Weekly Estimates,408.00,399.00,120.00,278.00,760.00,228.00,532.00,1964.00,,,,,,,,
17-May-13,Derived EIA Weekly Estimates,433.00,419.00,122.00,285.00,792.00,239.00,553.00,2052.00,,,,,,,,
24-May-13,Derived EIA Weekly Estimates,461.00,445.00,127.00,294.00,815.00,243.00,572.00,2142.00,,,,,,,,
31-May-13,Derived EIA Weekly Estimates,491.00,473.00,132.00,304.00,852.00,254.00,598.00,2252.00,,,,,,,,
07-Jun-13,Derived EIA Weekly Estimates,520.00,500.00,137.00,313.00,877.00,259.00,618.00,2347.00,,,,,,,,
14-Jun-13,Derived EIA Weekly Estimates,551.00,529.00,140.00,321.00,898.00,261.00,637.00,2439.00,,,,,,,,
21-Jun-13,Derived EIA Weekly Estimates,578.00,560.00,144.00,330.00,922.00,263.00,659.00,2533.00,,,,,,,,
28-Jun-13,Derived EIA Weekly Estimates,599.00,586.00,148.00,336.00,936.00,265.00,671.00,2606.00,,,,,,,,
05-Jul-13,Derived EIA Weekly Estimates,622.00,616.00,152.00,334.00,963.00,274.00,689.00,2687.00,,,,,,,,
12-Jul-13,Derived EIA Weekly Estimates,634.00,641.00,154.00,337.00,979.00,275.00,704.00,2745.00,,,,,,,,
19-Jul-13,Derived EIA Weekly Estimates,642.00,658.00,157.00,337.00,990.00,274.00,716.00,2786.00,,,,,,,,
26-Jul-13,Derived EIA Weekly Estimates,661.00,684.00,160.00,340.00,1001.00,267.00,734.00,2845.00,,,,,,,,
02-Aug-13,Derived EIA Weekly Estimates,687.00,715.00,164.00,359.00,1015.00,265.00,750.00,2940.00,,,,,,,,
09-Aug-13,Derived EIA Weekly Estimates,708.00,745.00,168.00,366.00,1020.00,261.00,759.00,3007.00,,,,,,,,
16-Aug-13,Derived EIA Weekly Estimates,725.00,774.00,172.00,368.00,1024.00,258.00,766.00,3063.00,,,,,,,,
23-Aug-13,Derived EIA Weekly Estimates,743.00,805.00,177.00,365.00,1041.00,260.00,781.00,3131.00,,,,,,,,
30-Aug-13,Derived EIA Weekly Estimates,760.00,831.00,181.00,364.00,1052.00,261.00,791.00,3189.00,,,,,,,,
06-Sep-13,Derived EIA Weekly Estimates,778.00,861.00,184.00,362.00,1067.00,262.00,805.00,3253.00,,,,,,,,
13-Sep-13,Derived EIA Weekly Estimates,794.00,885.00,188.00,363.00,1069.00,259.00,810.00,3299.00,,,,,,,,
20-Sep-13,Derived EIA Weekly Estimates,817.00,917.00,192.00,366.00,1094.00,267.00,827.00,3385.00,,,,,,,,
27-Sep-13,Derived EIA Weekly Estimates,840.00,951.00,197.00,373.00,1126.00,278.00,848.00,3487.00,,,,,,,,
04-Oct-13,Derived EIA Weekly Estimates,861.00,980.00,202.00,378.00,1156.00,287.00,869.00,3577.00,,,,,,,,
11-Oct-13,Derived EIA Weekly Estimates,879.00,1008.00,205.00,383.00,1179.00,294.00,885.00,3655.00,,,,,,,,
18-Oct-13,Derived EIA Weekly Estimates,901.00,1036.00,208.00,384.00,1211.00,311.00,900.00,3741.00,,,,,,,,
25-Oct-13,Derived EIA Weekly Estimates,908.00,1046.00,211.00,385.00,1230.00,318.00,912.00,3779.00,,,,,,,,
01-Nov-13,Derived EIA Weekly Estimates,910.00,1054.00,213.00,386.00,1252.00,325.00,927.00,3816.00,,,,,,,,
08-Nov-13,Derived EIA Weekly Estimates,917.00,1057.00,214.00,384.00,1262.00,332.00,930.00,3834.00,,,,,,,,
15-Nov-13,Derived EIA Weekly Estimates,900.00,1042.00,215.00,383.00,1249.00,327.00,922.00,3789.00,,,,,,,,
22-Nov-13,Derived EIA Weekly Estimates,897.00,1031.00,214.00,378.00,1255.00,331.00,924.00,3775.00,,,,,,,,
29-Nov-13,Derived EIA Weekly Estimates,863.00,987.00,208.00,368.00,1188.00,303.00,885.00,3613.00,,,,,,,,
06-Dec-13,Derived EIA Weekly Estimates,843.00,961.00,200.00,350.00,1179.00,309.00,870.00,3533.00,,,,,,,,
13-Dec-13,Derived EIA Weekly Estimates,792.00,881.00,187.00,307.00,1082.00,277.00,805.00,3248.00,,,,,,,,
20-Dec-13,Derived EIA Weekly Estimates,737.00,821.00,182.00,291.00,1041.00,263.00,778.00,3071.00,,,,,,,,
27-Dec-13,Derived EIA Weekly Estimates,715.00,776.00,175.00,281.00,1028.00,269.00,759.00,2975.00,,,,,,,,
03-Jan-14,Derived EIA Weekly Estimates,672.00,721.00,169.00,269.00,986.00,259.00,727.00,2817.00,,,,,,,,
10-Jan-14,Derived EIA Weekly Estimates,606.00,638.00,159.00,246.00,881.00,211.00,670.00,2529.00,,,,,,,,
17-Jan-14,Derived EIA Weekly Estimates,580.00,598.00,153.00,236.00,857.00,213.00,644.00,2424.00,,,,,,,,
24-Jan-14,Derived EIA Weekly Estimates,525.00,528.00,145.00,220.00,765.00,178.00,587.00,2184.00,,,,,,,,
31-Jan-14,Derived EIA Weekly Estimates,459.00,452.00,136.00,202.00,674.00,137.00,537.00,1924.00,,,,,,,,
07-Feb-14,Derived EIA Weekly Estimates,417.00,390.00,124.00,169.00,593.00,109.00,484.00,1693.00,,,,,,,,
14-Feb-14,Derived EIA Weekly Estimates,356.00,323.00,115.00,147.00,504.00,77.00,427.00,1444.00,,,,,,,,
21-Feb-14,Derived EIA Weekly Estimates,317.00,284.00,109.00,139.00,500.00,96.00,404.00,1348.00,,,,,,,,
28-Feb-14,Derived EIA Weekly Estimates,280.00,239.00,101.00,117.00,459.00,88.00,371.00,1196.00,,,,,,,,
07-Mar-14,Derived EIA Weekly Estimates,231.00,194.00,94.00,103.00,381.00,54.00,327.00,1002.00,,,,,,,,
14-Mar-14,Derived EIA Weekly Estimates,213.00,176.00,91.00,103.00,369.00,62.00,307.00,953.00,,,,,,,,
21-Mar-14,Derived EIA Weekly Estimates,192.00,158.00,87.00,103.00,354.00,65.00,289.00,895.00,,,,,,,,
28-Mar-14,Derived EIA Weekly Estimates,167.00,138.00,85.00,102.00,332.00,60.00,272.00,824.00,,,,,,,,
04-Apr-14,Derived EIA Weekly Estimates,167.00,133.00,82.00,105.00,341.00,68.00,273.00,827.00,,,,,,,,
11-Apr-14,Derived EIA Weekly Estimates,169.00,137.00,81.00,113.00,351.00,76.00,275.00,850.00,,,,,,,,
18-Apr-14,Derived EIA Weekly Estimates,181.00,141.00,80.00,124.00,373.00,89.00,284.00,899.00,,,,,,,,
25-Apr-14,Derived EIA Weekly Estimates,198.00,158.00,82.00,135.00,408.00,104.00,304.00,981.00,,,,,,,,
02-May-14,Derived EIA Weekly Estimates,215.00,177.00,83.00,145.00,434.00,113.00,321.00,1055.00,,,,,,,,
09-May-14,Derived EIA Weekly Estimates,243.00,210.00,86.00,159.00,462.00,126.00,336.00,1160.00,,,,,,,,
16-May-14,Derived EIA Weekly Estimates,277.00,241.00,89.00,169.00,491.00,140.00,351.00,1267.00,,,,,,,,
23-May-14,Derived EIA Weekly Estimates,308.00,273.00,94.00,183.00,522.00,152.00,370.00,1380.00,,,,,,,,
30-May-14,Derived EIA Weekly Estimates,341.00,310.00,100.00,196.00,553.00,163.00,390.00,1499.00,,,,,,,,
06-Jun-14,Derived EIA Weekly Estimates,370.00,345.00,104.00,207.00,581.00,172.00,409.00,1607.00,,,,,,,,
13-Jun-14,Derived EIA Weekly Estimates,403.00,383.00,109.00,217.00,608.00,177.00,431.00,1719.00,,,,,,,,
20-Jun-14,Derived EIA Weekly Estimates,433.00,419.00,115.00,230.00,632.00,185.00,447.00,1829.00,,,,,,,,
27-Jun-14,Derived EIA Weekly Estimates,462.00,455.00,120.00,241.00,650.00,188.00,462.00,1928.00,,,,,,,,
04-Jul-14,Derived EIA Weekly Estimates,482.00,490.00,127.00,250.00,674.00,194.00,480.00,2023.00,,,,,,,,
11-Jul-14,Derived EIA Weekly Estimates,509.00,528.00,131.00,258.00,702.00,201.00,501.00,2128.00,,,,,,,,
18-Jul-14,Derived EIA Weekly Estimates,532.00,561.00,136.00,265.00,725.00,207.00,518.00,2219.00,,,,,,,,
25-Jul-14,Derived EIA Weekly Estimates,557.00,593.00,141.00,272.00,744.00,210.00,534.00,2307.00,,,,,,,,
01-Aug-14,Derived EIA Weekly Estimates,584.00,627.00,145.00,274.00,758.00,212.00,546.00,2388.00,,,,,,,,
08-Aug-14,Derived EIA Weekly Estimates,608.00,662.00,149.00,281.00,768.00,213.00,555.00,2467.00,,,,,,,,
15-Aug-14,Derived EIA Weekly Estimates,635.00,699.00,153.00,286.00,782.00,214.00,568.00,2555.00,,,,,,,,
22-Aug-14,Derived EIA Weekly Estimates,659.00,736.00,156.00,292.00,788.00,210.00,578.00,2631.00,,,,,,,,
29-Aug-14,Derived EIA Weekly Estimates,681.00,772.00,159.00,299.00,798.00,211.00,587.00,2709.00,,,,,,,,
05-Sep-14,Derived EIA Weekly Estimates,704.00,809.00,164.00,306.00,817.00,216.00,601.00,2801.00,,,,,,,,
12-Sep-14,Derived EIA Weekly Estimates,727.00,843.00,169.00,309.00,843.00,222.00,621.00,2890.00,,,,,,,,
19-Sep-14,Derived EIA Weekly Estimates,758.00,877.00,170.00,309.00,874.00,234.00,640.00,2988.00,,,,,,,,
26-Sep-14,Derived EIA Weekly Estimates,790.00,913.00,174.00,313.00,910.00,248.00,662.00,3099.00,,,,,,,,
03-Oct-14,Derived EIA Weekly Estimates,817.00,948.00,176.00,322.00,942.00,260.00,682.00,3205.00,,,,,,,,
10-Oct-14,Derived EIA Weekly Estimates,840.00,973.00,181.00,328.00,976.00,272.00,704.00,3298.00,,,,,,,,
17-Oct-14,Derived EIA Weekly Estimates,859.00,1002.00,184.00,335.00,1014.00,285.00,729.00,3393.00,,,,,,,,
24-Oct-14,Derived EIA Weekly Estimates,877.00,1024.00,187.00,340.00,1052.00,298.00,754.00,3480.00,,,,,,,,
31-Oct-14,Derived EIA Weekly Estimates,894.00,1051.00,189.00,346.00,1091.00,314.00,777.00,3571.00,,,,,,,,
07-Nov-14,Derived EIA Weekly Estimates,895.00,1057.00,191.00,349.00,1119.00,327.00,792.00,3611.00,,,,,,,,
14-Nov-14,Derived EIA Weekly Estimates,892.00,1050.00,184.00,349.00,1119.00,329.00,790.00,3594.00,,,,,,,,
21-Nov-14,Derived EIA Weekly Estimates,852.00,1001.00,177.00,337.00,1065.00,306.00,759.00,3432.00,,,,,,,,
28-Nov-14,Derived EIA Weekly Estimates,839.00,980.00,176.00,338.00,1076.00,314.00,762.00,3410.00,,,,,,,,
05-Dec-14,Derived EIA Weekly Estimates,819.00,951.00,173.00,333.00,1083.00,323.00,760.00,3359.00,,,,,,,,
12-Dec-14,Derived EIA Weekly Estimates,792.00,923.00,170.00,337.00,1073.00,325.00,748.00,3296.00,,,,,,,,
19-Dec-14,Derived EIA Weekly Estimates,776.00,902.00,165.00,332.00,1070.00,327.00,743.00,3246.00,,,,,,,,
26-Dec-14,Derived EIA Weekly Estimates,765.00,885.00,163.00,335.00,1072.00,330.00,742.00,3220.00,,,,,,,,
02-Jan-15,Derived EIA Weekly Estimates,737.00,849.00,152.00,312.00,1040.00,324.00,716.00,3089.00,,,,,,,,
09-Jan-15,Derived EIA Weekly Estimates,685.00,774.00,142.00,292.00,960.00,291.00,669.00,2854.00,,,,,,,,
16-Jan-15,Derived EIA Weekly Estimates,631.00,711.00,136.00,281.00,878.00,260.00,618.00,2637.00,,,,,,,,
23-Jan-15,Derived EIA Weekly Estimates,595.00,677.00,134.00,275.00,862.00,257.00,605.00,2543.00,,,,,,,,
30-Jan-15,Derived EIA Weekly Estimates,553.00,632.00,133.00,273.00,838.00,247.00,591.00,2428.00,,,,,,,,
06-Feb-15,Derived EIA Weekly Estimates,501.00,572.00,130.00,275.00,791.00,231.00,560.00,2268.00,,,,,,,,
13-Feb-15,Derived EIA Weekly Estimates,458.00,518.00,132.00,278.00,771.00,222.00,549.00,2158.00,,,,,,,,
20-Feb-15,Derived EIA Weekly Estimates,401.00,435.00,127.00,279.00,696.00,181.00,515.00,1938.00,,,,,,,,
27-Feb-15,Derived EIA Weekly Estimates,353.00,361.00,118.00,271.00,606.00,136.00,470.00,1709.00,,,,,,,,
06-Mar-15,Derived EIA Weekly Estimates,309.00,303.00,111.00,260.00,528.00,108.00,420.00,1511.00,,,,,,,,
13-Mar-15,Derived EIA Weekly Estimates,290.00,285.00,111.00,261.00,522.00,108.00,414.00,1468.00,,,,,,,,
20-Mar-15,Derived EIA Weekly Estimates,275.00,279.00,113.00,264.00,548.00,121.00,427.00,1479.00,,,,,,,,
27-Mar-15,Derived EIA Weekly Estimates,255.00,261.00,114.00,269.00,562.00,132.00,430.00,1461.00,,,,,,,,
03-Apr-15,Derived EIA Weekly Estimates,242.00,256.00,117.00,273.00,588.00,146.00,442.00,1476.00,,,,,,,,
10-Apr-15,Derived EIA Weekly Estimates,250.00,263.00,117.00,273.00,637.00,171.00,466.00,1539.00,,,,,,,,
17-Apr-15,Derived EIA Weekly Estimates,271.00,282.00,118.00,276.00,681.00,191.00,490.00,1628.00,,,,,,,,
24-Apr-15,Derived EIA Weekly Estimates,294.00,296.00,118.00,281.00,721.00,209.00,512.00,1711.00,,,,,,,,
01-May-15,Derived EIA Weekly Estimates,310.00,311.00,119.00,287.00,758.00,223.00,535.00,1785.00,,,,,,,,
08-May-15,Derived EIA Weekly Estimates,341.00,339.00,123.00,292.00,802.00,243.00,559.00,1897.00,,,,,,,,
15-May-15,Derived EIA Weekly Estimates,371.00,364.00,125.00,298.00,832.00,251.00,581.00,1989.00,,,,,,,,
22-May-15,Derived EIA Weekly Estimates,404.00,396.00,129.00,307.00,866.00,261.00,605.00,2101.00,,,,,,,,
29-May-15,Derived EIA Weekly Estimates,440.00,431.00,136.00,316.00,910.00,277.00,633.00,2233.00,,,,,,,,
05-Jun-15,Derived EIA Weekly Estimates,470.00,464.00,142.00,322.00,946.00,291.00,655.00,2344.00,,,,,,,,
12-Jun-15,Derived EIA Weekly Estimates,499.00,493.00,147.00,327.00,968.00,295.00,673.00,2433.00,,,,,,,,
19-Jun-15,EIA-912,524.00,517.00,150.00,333.00,982.00,295.00,686.00,2506.00,,,,,,,,
26-Jun-15,EIA-912,552.00,546.00,155.00,333.00,993.00,292.00,700.00,2579.00,,,,,,,,
03-Jul-15,EIA-912,584.00,582.00,158.00,329.00,1013.00,297.00,716.00,2666.00,,,,,,,,
10-Jul-15,EIA-912,609.00,612.00,164.00,334.00,1045.00,305.00,739.00,2764.00,,,,,,,,
17-Jul-15,EIA-912,627.00,636.00,167.00,337.00,1056.00,304.00,752.00,2823.00,,,,,,,,
24-Jul-15,EIA-912,643.00,659.00,171.00,340.00,1059.00,300.00,759.00,2872.00,,,,,,,,
31-Jul-15,EIA-912,658.00,683.00,174.00,341.00,1054.00,292.00,762.00,2910.00,,,,,,,,
07-Aug-15,EIA-912,681.00,713.00,176.00,344.00,1061.00,291.00,769.00,2975.00,,,,,,,,
14-Aug-15,EIA-912,704.00,740.00,179.00,345.00,1059.00,286.00,773.00,3027.00,,,,,,,,
21-Aug-15,EIA-912,725.00,770.00,183.00,345.00,1071.00,287.00,784.00,3094.00,,,,,,,,
28-Aug-15,EIA-912,751.00,815.00,188.00,345.00,1091.00,290.00,801.00,3190.00,,,,,,,,
04-Sep-15,EIA-912,769.00,848.00,191.00,349.00,1105.00,293.00,811.00,3262.00,,,,,,,,
11-Sep-15,EIA-912,787.00,883.00,194.00,347.00,1125.00,298.00,828.00,3336.00,,,,,,,,
18-Sep-15,EIA-912,812.00,918.00,197.00,352.00,1162.00,312.00,850.00,3441.00,,,,,,,,
25-Sep-15,EIA-912,837.00,952.00,201.00,355.00,1192.00,321.00,870.00,3537.00,,,,,,,,
02-Oct-15,EIA-912,863.00,984.00,206.00,359.00,1222.00,331.00,891.00,3634.00,,,,,,,,
09-Oct-15,EIA-912,880.00,1016.00,210.00,367.00,1258.00,346.00,912.00,3731.00,,,,,,,,
16-Oct-15,EIA-912,899.00,1046.00,213.00,367.00,1288.00,357.00,930.00,3813.00,,,,,,,,
23-Oct-15,EIA-912,905.00,1072.00,216.00,373.00,1309.00,366.00,944.00,3875.00,,,,,,,,
30-Oct-15,EIA-912,916.00,1097.00,216.00,377.00,1325.00,371.00,955.00,3931.00,,,,,,,,
06-Nov-15,EIA-912,929.00,1117.00,217.00,382.00,1340.00,373.00,967.00,3985.00,,,,,,,,
13-Nov-15,EIA-912,934.00,1124.00,214.00,381.00,1347.00,377.00,970.00,4000.00,,,,,,,,
20-Nov-15,EIA-912,935.00,1127.00,214.00,381.00,1352.00,382.00,970.00,4009.00,,,,,,,,
27-Nov-15,EIA-912,919.00,1109.00,211.00,375.00,1342.00,380.00,962.00,3956.00,,,,,,,,
04-Dec-15,EIA-912,910.00,1083.00,203.00,361.00,1323.00,379.00,943.00,3880.00,,,,,,,,
11-Dec-15,EIA-912,894.00,1066.00,203.00,361.00,1322.00,376.00,946.00,3846.00,,,,,,,,
18-Dec-15,EIA-912,894.00,1051.00,198.00,346.00,1325.00,378.00,947.00,3814.00,,,,,,,,
25-Dec-15,EIA-912,876.00,1025.00,195.00,338.00,1322.00,378.00,944.00,3756.00,,,,,,,,
01-Jan-16,EIA-912,857.00,983.00,185.00,313.00,1305.00,379.00,925.00,3643.00,,,,,,,,
08-Jan-16,EIA-912,802.00,942.00,177.00,295.00,1259.00,364.00,895.00,3475.00,,,,,,,,
15-Jan-16,EIA-912,758.00,879.00,170.00,281.00,1209.00,345.00,864.00,3297.00,,,,,,,,
22-Jan-16,EIA-912,695.00,811.00,164.00,273.00,1143.00,321.00,821.00,3086.00,,,,,,,,
29-Jan-16,EIA-912,641.00,767.00,159.00,271.00,1096.00,303.00,793.00,2934.00,,,,,,,,
05-Feb-16,EIA-912,620.00,739.00,151.00,258.00,1096.00,312.00,784.00,2864.00,,,,,,,,
12-Feb-16,EIA-912,568.00,689.00,147.00,255.00,1042.00,286.00,756.00,2701.00,,,,,,,,
19-Feb-16,EIA-912,512.00,645.00,147.00,256.00,1024.00,281.00,743.00,2584.00,,,,,,,,
26-Feb-16,EIA-912,495.00,621.00,145.00,255.00,1020.00,285.00,735.00,2536.00,,,,,,,,
04-Mar-16,EIA-912,464.00,587.00,146.00,258.00,1024.00,291.00,733.00,2479.00,,,,,,,,
11-Mar-16,EIA-912,452.00,577.00,147.00,259.00,1043.00,303.00,740.00,2478.00,,,,,,,,
18-Mar-16,EIA-912,453.00,571.00,148.00,260.00,1061.00,312.00,749.00,2493.00,,,,,,,,
25-Mar-16,EIA-912,439.00,555.00,147.00,262.00,1065.00,315.00,750.00,2468.00,,,,,,,,
01-Apr-16,EIA-912,434.00,548.00,149.00,265.00,1084.00,323.00,761.00,2480.00,,,,,,,,
08-Apr-16,EIA-912,419.00,538.00,150.00,269.00,1101.00,334.00,767.00,2477.00,,,,,,,,
15-Apr-16,EIA-912,408.00,538.00,152.00,271.00,1115.00,342.00,774.00,2484.00,,,,,,,,
22-Apr-16,EIA-912,431.00,554.00,155.00,277.00,1140.00,352.00,788.00,2557.00,,,,,,,,
29-Apr-16,EIA-912,454.00,566.00,157.00,284.00,1164.00,362.00,802.00,2625.00,,,,,,,,
06-May-16,EIA-912,468.00,582.00,161.00,288.00,1182.00,368.00,813.00,2681.00,,,,,,,,
13-May-16,EIA-912,490.00,606.00,166.00,293.00,1199.00,371.00,828.00,2754.00,,,,,,,,
20-May-16,EIA-912,511.00,629.00,171.00,298.00,1216.00,372.00,844.00,2825.00,,,,,,,,
27-May-16,EIA-912,537.00,655.00,178.00,304.00,1233.00,370.00,863.00,2907.00,,,,,,,,
03-Jun-16,EIA-912,559.00,679.00,183.00,307.00,1244.00,370.00,874.00,2972.00,,,,,,,,
10-Jun-16,EIA-912,585.00,703.00,188.00,312.00,1253.00,368.00,885.00,3041.00,,,,,,,,
17-Jun-16,EIA-912,612.00,724.00,194.00,318.00,1255.00,366.00,890.00,3103.00,,,,,,,,
24-Jun-16,EIA-912,632.00,742.00,198.00,315.00,1253.00,360.00,893.00,3140.00,,,,,,,,
01-Jul-16,EIA-912,654.00,764.00,202.00,313.00,1246.00,354.00,893.00,3179.00,,,,,,,,
08-Jul-16,EIA-912,678.00,785.00,208.00,319.00,1253.00,355.00,898.00,3243.00,,,,,,,,
15-Jul-16,EIA-912,697.00,801.00,210.00,318.00,1251.00,349.00,901.00,3277.00,,,,,,,,
22-Jul-16,EIA-912,715.00,815.00,213.00,318.00,1233.00,336.00,897.00,3294.00,,,,,,,,
29-Jul-16,EIA-912,729.00,825.00,213.00,314.00,1207.00,320.00,886.00,3288.00,,,,,,,,
05-Aug-16,EIA-912,746.00,845.00,215.00,314.00,1197.00,313.00,884.00,3317.00,,,,,,,,
12-Aug-16,EIA-912,763.00,861.00,217.00,313.00,1185.00,305.00,881.00,3339.00,,,,,,,,
19-Aug-16,EIA-912,775.00,875.00,219.00,310.00,1171.00,292.00,879.00,3350.00,,,,,,,,
26-Aug-16,EIA-912,796.00,904.00,222.00,310.00,1169.00,287.00,883.00,3401.00,,,,,,,,
02-Sep-16,EIA-912,812.00,928.00,224.00,313.00,1160.00,280.00,880.00,3437.00,,,,,,,,
09-Sep-16,EIA-912,832.00,954.00,227.00,317.00,1169.00,285.00,884.00,3499.00,,,,,,,,
16-Sep-16,EIA-912,851.00,985.00,230.00,318.00,1167.00,278.00,889.00,3551.00,,,,,,,,
23-Sep-16,EIA-912,874.00,1014.00,233.00,318.00,1161.00,275.00,885.00,3600.00,,,,,,,,
30-Sep-16,EIA-912,899.00,1045.00,237.00,318.00,1181.00,289.00,893.00,3680.00,,,,,,,,
07-Oct-16,EIA-912,913.00,1071.00,240.00,323.00,1212.00,305.00,907.00,3759.00,,,,,,,,
14-Oct-16,EIA-912,925.00,1093.00,243.00,325.00,1250.00,330.00,920.00,3836.00,,,,,,,,
21-Oct-16,EIA-912,939.00,1115.00,245.00,326.00,1284.00,352.00,931.00,3909.00,,,,,,,,
28-Oct-16,EIA-912,940.00,1130.00,249.00,326.00,1318.00,374.00,944.00,3963.00,,,,,,,,
04-Nov-16,EIA-912,946.00,1148.00,253.00,327.00,1343.00,385.00,958.00,4017.00,,,,,,,,
11-Nov-16,EIA-912,944.00,1155.00,257.00,328.00,1363.00,394.00,969.00,4047.00,,,,,,,,
18-Nov-16,EIA-912,935.00,1153.00,259.00,328.00,1370.00,396.00,974.00,4045.00,,,,,,,,
25-Nov-16,EIA-912,912.00,1130.00,258.00,328.00,1367.00,400.00,967.00,3995.00,,,,,,,,
02-Dec-16,EIA-912,899.00,1112.00,256.00,323.00,1363.00,403.00,960.00,3953.00,,,,,,,,
09-Dec-16,EIA-912,865.00,1071.00,244.00,312.00,1314.00,388.00,927.00,3806.00,,,,,,,,
16-Dec-16,EIA-912,810.00,1007.00,230.00,302.00,1248.00,363.00,884.00,3597.00,,,,,,,,
23-Dec-16,EIA-912,757.00,946.00,217.00,283.00,1157.00,324.00,833.00,3360.00,,,,,,,,
30-Dec-16,EIA-912,737.00,921.00,207.00,275.00,1171.00,343.00,828.00,3311.00,,,,,,,,
06-Jan-17,EIA-912,698.00,865.00,197.00,263.00,1137.00,343.00,794.00,3160.00,,,,,,,,
13-Jan-17,EIA-912,639.00,795.00,183.00,248.00,1052.00,312.00,740.00,2917.00,,,,,,,,
20-Jan-17,EIA-912,596.00,757.00,173.00,235.00,1037.00,325.00,712.00,2798.00,,,,,,,,
27-Jan-17,EIA-912,569.00,730.00,164.00,221.00,1027.00,340.00,687.00,2711.00,,,,,,,,
03-Feb-17,EIA-912,520.00,685.00,155.00,208.00,991.00,338.00,654.00,2559.00,,,,,,,,
10-Feb-17,EIA-912,479.00,642.00,150.00,205.00,969.00,332.00,636.00,2445.00,,,,,,,,
17-Feb-17,EIA-912,431.00,612.00,146.00,206.00,961.00,328.00,633.00,2356.00,,,,,,,,
24-Feb-17,EIA-912,422.00,608.00,146.00,205.00,982.00,333.00,649.00,2363.00,,,,,,,,
03-Mar-17,EIA-912,404.00,579.00,139.00,201.00,972.00,326.00,646.00,2295.00,,,,,,,,
10-Mar-17,EIA-912,368.00,557.00,137.00,203.00,977.00,325.00,653.00,2242.00,,,,,,,,
17-Mar-17,EIA-912,309.00,506.00,137.00,208.00,932.00,295.00,637.00,2092.00,,,,,,,,
24-Mar-17,EIA-912,278.00,486.00,141.00,212.00,932.00,289.00,644.00,2049.00,,,,,,,,
31-Mar-17,EIA-912,268.00,479.00,142.00,216.00,946.00,295.00,651.00,2051.00,,,,,,,,
07-Apr-17,EIA-912,266.00,476.00,141.00,221.00,957.00,301.00,656.00,2061.00,,,,,,,,
14-Apr-17,EIA-912,278.00,487.00,144.00,223.00,983.00,314.00,670.00,2115.00,,,,,,,,
21-Apr-17,EIA-912,303.00,504.00,149.00,228.00,1005.00,321.00,684.00,2189.00,,,,,,,,
28-Apr-17,EIA-912,325.00,519.00,153.00,233.00,1026.00,329.00,697.00,2256.00,,,,,,,,
05-May-17,EIA-912,350.00,524.00,155.00,238.00,1034.00,331.00,702.00,2301.00,,,,,,,,
12-May-17,EIA-912,367.00,540.00,161.00,244.00,1057.00,337.00,720.00,2369.00,,,,,,,,
19-May-17,EIA-912,390.00,562.00,166.00,250.00,1076.00,338.00,738.00,2444.00,,,,,,,,
26-May-17,EIA-912,419.00,585.00,166.00,258.00,1097.00,342.00,755.00,2525.00,,,,,,,,
02-Jun-17,EIA-912,457.00,614.00,172.00,269.00,1119.00,345.00,774.00,2631.00,,,,,,,,
09-Jun-17,EIA-912,491.00,634.00,177.00,274.00,1133.00,348.00,784.00,2709.00,,,,,,,,
16-Jun-17,EIA-912,513.00,656.00,182.00,281.00,1138.00,343.00,794.00,2770.00,,,,,,,,
23-Jun-17,EIA-912,536.00,676.00,184.00,280.00,1140.00,341.00,799.00,2816.00,,,,,,,,
30-Jun-17,EIA-912,564.00,699.00,187.00,287.00,1141.00,332.00,810.00,2878.00,,,,,,,,
07-Jul-17,EIA-912,588.00,719.00,193.00,292.00,1144.00,327.00,817.00,2936.00,,,,,,,,
14-Jul-17,EIA-912,609.00,733.00,194.00,292.00,1135.00,319.00,816.00,2963.00,,,,,,,,
21-Jul-17,EIA-912,626.00,743.00,197.00,294.00,1120.00,308.00,812.00,2980.00,,,,,,,,
28-Jul-17,EIA-912,651.00,754.00,200.00,293.00,1101.00,296.00,805.00,2999.00,,,,,,,,
04-Aug-17,EIA-912,673.00,771.00,202.00,289.00,1094.00,290.00,804.00,3029.00,,,,,,,,
11-Aug-17,EIA-912,701.00,798.00,204.00,292.00,1087.00,283.00,804.00,3082.00,,,,,,,,
18-Aug-17,EIA-912,728.00,821.00,206.00,296.00,1074.00,274.00,800.00,3125.00,,,,,,,,
25-Aug-17,EIA-912,749.00,840.00,205.00,301.00,1060.00,262.00,797.00,3155.00,,,,,,,,
01-Sep-17,EIA-912,781.00,872.00,205.00,296.00,1066.00,266.00,800.00,3220.00,,,,,,,,
08-Sep-17,EIA-912,809.00,906.00,208.00,296.00,1092.00,285.00,807.00,3311.00,,,,,,,,
15-Sep-17,EIA-912,833.00,938.00,212.00,300.00,1125.00,304.00,821.00,3408.00,,,,,,,,
22-Sep-17,EIA-912,848.00,964.00,217.00,307.00,1130.00,305.00,825.00,3466.00,,,,,,,,
29-Sep-17,EIA-912,861.00,989.00,220.00,311.00,1127.00,300.00,827.00,3508.00,,,,,,,,
06-Oct-17,EIA-912,884.00,1024.00,223.00,315.00,1149.00,310.00,838.00,3595.00,,,,,,,,
13-Oct-17,EIA-912,901.00,1054.00,224.00,316.00,1150.00,302.00,848.00,3645.00,,,,,,,,
20-Oct-17,EIA-912,915.00,1082.00,224.00,315.00,1174.00,313.00,861.00,3710.00,,,,,,,,
27-Oct-17,EIA-912,926.00,1107.00,226.00,317.00,1199.00,324.00,874.00,3775.00,,,,,,,,
03-Nov-17,EIA-912,925.00,1112.00,224.00,317.00,1212.00,336.00,876.00,3790.00,,,,,,,,
10-Nov-17,EIA-912,915.00,1108.00,220.00,315.00,1214.00,341.00,873.00,3772.00,,,,,,,,
17-Nov-17,EIA-912,891.00,1090.00,220.00,314.00,1211.00,340.00,871.00,3726.00,,,,,,,,
24-Nov-17,EIA-912,876.00,1068.00,221.00,314.00,1214.00,348.00,866.00,3693.00,,,,,,,,
01-Dec-17,EIA-912,868.00,1058.00,221.00,313.00,1235.00,360.00,875.00,3695.00,,,,,,,,
08-Dec-17,EIA-912,855.00,1033.00,213.00,305.00,1220.00,360.00,860.00,3626.00,,,,,,,,
15-Dec-17,EIA-912,811.00,980.00,204.00,294.00,1155.00,330.00,825.00,3444.00,,,,,,,,
22-Dec-17,EIA-912,782.00,941.00,195.00,281.00,1133.00,324.00,809.00,3332.00,,,,,,,,
29-Dec-17,EIA-912,740.00,875.00,183.00,268.00,1060.00,302.00,759.00,3126.00,,,,,,,,
05-Jan-18,EIA-912,664.00,778.00,167.00,251.00,907.00,224.00,683.00,2767.00,,,,,,,,
12-Jan-18,EIA-912,614.00,717.00,158.00,244.00,851.00,206.00,646.00,2584.00,,,,,,,,
19-Jan-18,EIA-912,555.00,634.00,145.00,233.00,729.00,151.00,578.00,2296.00,,,,,,,,
26-Jan-18,EIA-912,525.00,596.00,137.00,220.00,719.00,169.00,550.00,2197.00,,,,,,,,
02-Feb-18,EIA-912,488.00,543.00,131.00,213.00,703.00,184.00,518.00,2078.00,,,,,,,,
09-Feb-18,EIA-912,432.00,468.00,122.00,213.00,649.00,178.00,472.00,1884.00,,,,,,,,
16-Feb-18,EIA-912,403.00,428.00,111.00,204.00,614.00,175.00,440.00,1760.00,,,,,,,,
23-Feb-18,EIA-912,382.00,398.00,102.00,189.00,611.00,183.00,429.00,1682.00,,,,,,,,
02-Mar-18,EIA-912,359.00,380.00,97.00,177.00,612.00,189.00,423.00,1625.00,,,,,,,,
09-Mar-18,EIA-912,314.00,350.00,93.00,169.00,606.00,186.00,420.00,1532.00,,,,,,,,
16-Mar-18,EIA-912,270.00,315.00,90.00,169.00,602.00,182.00,419.00,1446.00,,,,,,,,
23-Mar-18,EIA-912,242.00,284.00,88.00,166.00,603.00,181.00,422.00,1383.00,,,,,,,,
30-Mar-18,EIA-912,229.00,266.00,87.00,166.00,606.00,188.00,419.00,1354.00,,,,,,,,
06-Apr-18,EIA-912,217.00,246.00,83.00,171.00,618.00,196.00,422.00,1335.00,,,,,,,,
13-Apr-18,EIA-912,207.00,228.00,83.00,175.00,606.00,185.00,421.00,1299.00,,,,,,,,
20-Apr-18,EIA-912,205.00,211.00,84.00,177.00,604.00,182.00,421.00,1281.00,,,,,,,,
27-Apr-18,EIA-912,223.00,221.00,86.00,187.00,626.00,190.00,436.00,1343.00,,,,,,,,
04-May-18,EIA-912,243.00,240.00,92.00,195.00,662.00,204.00,458.00,1432.00,,,,,,,,
11-May-18,EIA-912,275.00,267.00,98.00,204.00,694.00,216.00,477.00,1538.00,,,,,,,,
18-May-18,EIA-912,299.00,288.00,107.00,213.00,722.00,226.00,496.00,1629.00,,,,,,,,
25-May-18,EIA-912,328.00,315.00,113.00,221.00,748.00,235.00,514.00,1725.00,,,,,,,,
01-Jun-18,EIA-912,351.00,341.00,121.00,231.00,773.00,245.00,528.00,1817.00,,,,,,,,
08-Jun-18,EIA-912,377.00,372.00,125.00,239.00,800.00,252.00,547.00,1913.00,,,,,,,,
15-Jun-18,EIA-912,406.00,401.00,127.00,246.00,828.00,258.00,570.00,2008.00,,,,,,,,
22-Jun-18,EIA-912,430.00,425.00,133.00,251.00,835.00,252.00,583.00,2074.00,,,,,,,,
29-Jun-18,EIA-912,460.00,455.00,139.00,257.00,841.00,245.00,596.00,2152.00,,,,,,,,
06-Jul-18,EIA-912,480.00,477.00,143.00,260.00,843.00,238.00,605.00,2203.00,,,,,,,,
13-Jul-18,EIA-912,507.00,501.00,144.00,259.00,838.00,231.00,607.00,2248.00,,,,,,,,
20-Jul-18,EIA-912,527.00,525.00,145.00,256.00,820.00,215.00,605.00,2272.00,,,,,,,,
27-Jul-18,EIA-912,552.00,552.00,146.00,249.00,807.00,206.00,601.00,2305.00,,,,,,,,
03-Aug-18,EIA-912,574.00,580.00,148.00,244.00,808.00,204.00,604.00,2353.00,,,,,,,,
10-Aug-18,EIA-912,590.00,604.00,151.00,239.00,802.00,195.00,606.00,2386.00,,,,,,,,
17-Aug-18,EIA-912,611.00,633.00,153.00,238.00,799.00,190.00,609.00,2435.00,,,,,,,,
24-Aug-18,EIA-912,637.00,669.00,157.00,240.00,801.00,188.00,613.00,2504.00,,,,,,,,
31-Aug-18,EIA-912,659.00,702.00,162.00,246.00,799.00,183.00,615.00,2567.00,,,,,,,,
07-Sep-18,EIA-912,679.00,734.00,166.00,250.00,806.00,182.00,624.00,2636.00,,,,,,,,
14-Sep-18,EIA-912,709.00,770.00,170.00,255.00,818.00,184.00,635.00,2722.00,,,,,,,,
21-Sep-18,EIA-912,729.00,800.00,173.00,259.00,807.00,173.00,634.00,2768.00,,,,,,,,
28-Sep-18,EIA-912,763.00,836.00,177.00,262.00,829.00,181.00,648.00,2866.00,,,,,,,,
05-Oct-18,EIA-912,790.00,871.00,180.00,262.00,854.00,191.00,663.00,2956.00,,,,,,,,
12-Oct-18,EIA-912,812.00,908.00,177.00,264.00,877.00,203.00,673.00,3037.00,,,,,,,,
19-Oct-18,EIA-912,825.00,934.00,177.00,262.00,896.00,218.00,678.00,3095.00,,,,,,,,
26-Oct-18,EIA-912,826.00,956.00,180.00,262.00,919.00,234.00,686.00,3143.00,,,,,,,,
02-Nov-18,EIA-912,831.00,980.00,182.00,265.00,949.00,253.00,696.00,3208.00,,,,,,,,
09-Nov-18,EIA-912,835.00,991.00,181.00,266.00,974.00,272.00,702.00,3247.00,,,,,,,,
16-Nov-18,EIA-912,803.00,959.00,174.00,258.00,919.00,251.00,668.00,3113.00,,,,,,,,
23-Nov-18,EIA-912,778.00,938.00,171.00,254.00,914.00,259.00,654.00,3054.00,,,,,,,,
30-Nov-18,EIA-912,752.00,914.00,168.00,253.00,905.00,263.00,642.00,2991.00,,,,,,,,
07-Dec-18,EIA-912,732.00,885.00,160.00,238.00,898.00,271.00,627.00,2914.00,,,,,,,,
14-Dec-18,EIA-912,692.00,841.00,153.00,227.00,860.00,262.00,598.00,2773.00,,,,,,,,
21-Dec-18,EIA-912,676.00,818.00,150.00,223.00,858.00,274.00,584.00,2725.00,,,,,,,,
28-Dec-18,EIA-912,661.00,798.00,147.00,220.00,878.00,296.00,582.00,2705.00,,,,,,,,
04-Jan-19,EIA-912,651.00,763.00,132.00,204.00,865.00,302.00,563.00,2614.00,,,,,,,,
11-Jan-19,EIA-912,620.00,729.00,127.00,196.00,861.00,303.00,557.00,2533.00,,,,,,,,
18-Jan-19,EIA-912,566.00,673.00,121.00,185.00,823.00,295.00,528.00,2370.00,,,,,,,,
25-Jan-19,EIA-912,527.00,606.00,114.00,178.00,771.00,278.00,493.00,2197.00,,,,,,,,
01-Feb-19,EIA-912,468.00,522.00,105.00,172.00,692.00,241.00,451.00,1960.00,,,,,,,,
08-Feb-19,EIA-912,444.00,492.00,95.00,155.00,696.00,248.00,447.00,1882.00,,,,,,,,
15-Feb-19,EIA-912,395.00,436.00,87.00,138.00,649.00,224.00,425.00,1705.00,,,,,,,,
22-Feb-19,EIA-912,354.00,385.00,79.00,122.00,598.00,199.00,399.00,1539.00,,,,,,,,
01-Mar-19,EIA-912,311.00,338.00,73.00,112.00,557.00,180.00,377.00,1390.00,,,,,,,,
08-Mar-19,EIA-912,262.00,287.00,66.00,102.00,473.00,129.00,344.00,1190.00,,,,,,,,
15-Mar-19,EIA-912,245.00,268.00,62.00,96.00,471.00,135.00,336.00,1143.00,,,,,,,,
22-Mar-19,EIA-912,225.00,248.00,62.00,104.00,467.00,137.00,329.00,1107.00,,,,,,,,
29-Mar-19,EIA-912,210.00,241.00,64.00,113.00,502.00,156.00,347.00,1130.00,,,,,,,,
05-Apr-19,EIA-912,209.00,240.00,64.00,119.00,523.00,166.00,357.00,1155.00,,,,,,,,
12-Apr-19,EIA-912,228.00,254.00,66.00,128.00,571.00,187.00,384.00,1247.00,,,,,,,,
19-Apr-19,EIA-912,251.00,264.00,70.00,138.00,616.00,204.00,413.00,1339.00,,,,,,,,
26-Apr-19,EIA-912,279.00,290.00,75.00,152.00,666.00,224.00,442.00,1462.00,,,,,,,,
03-May-19,EIA-912,299.00,309.00,78.00,162.00,699.00,234.00,466.00,1547.00,,,,,,,,
10-May-19,EIA-912,330.00,336.00,82.00,174.00,731.00,240.00,491.00,1653.00,,,,,,,,
17-May-19,EIA-912,353.00,364.00,89.00,186.00,762.00,249.00,513.00,1753.00,,,,,,,,
24-May-19,EIA-912,383.00,399.00,93.00,198.00,793.00,253.00,540.00,1867.00,,,,,,,,
31-May-19,EIA-912,414.00,436.00,101.00,213.00,821.00,256.00,565.00,1986.00,,,,,,,,
07-Jun-19,EIA-912,440.00,469.00,111.00,227.00,842.00,256.00,586.00,2088.00,,,,,,,,
14-Jun-19,EIA-912,472.00,503.00,118.00,234.00,875.00,264.00,612.00,2203.00,,,,,,,,
21-Jun-19,EIA-912,499.00,538.00,127.00,245.00,893.00,263.00,630.00,2301.00,,,,,,,,
28-Jun-19,EIA-912,526.00,568.00,134.00,255.00,907.00,259.00,648.00,2390.00,,,,,,,,
05-Jul-19,EIA-912,544.00,597.00,140.00,263.00,927.00,257.00,669.00,2471.00,,,,,,,,
12-Jul-19,EIA-912,561.00,627.00,147.00,268.00,929.00,246.00,683.00,2533.00,,,,,,,,
19-Jul-19,EIA-912,575.00,650.00,151.00,271.00,921.00,229.00,692.00,2569.00,,,,,,,,
26-Jul-19,EIA-912,597.00,677.00,156.00,270.00,934.00,226.00,708.00,2634.00,,,,,,,,
02-Aug-19,EIA-912,613.00,701.00,161.00,272.00,941.00,221.00,719.00,2689.00,,,,,,,,
09-Aug-19,EIA-912,634.00,729.00,164.00,272.00,939.00,214.00,725.00,2738.00,,,,,,,,
16-Aug-19,EIA-912,660.00,760.00,168.00,274.00,935.00,205.00,730.00,2797.00,,,,,,,,
23-Aug-19,EIA-912,682.00,790.00,173.00,278.00,934.00,199.00,736.00,2857.00,,,,,,,,
30-Aug-19,EIA-912,714.00,827.00,177.00,276.00,947.00,197.00,749.00,2941.00,,,,,,,,
06-Sep-19,EIA-912,739.00,864.00,183.00,275.00,958.00,199.00,759.00,3019.00,,,,,,,,
13-Sep-19,EIA-912,763.00,898.00,188.00,279.00,974.00,200.00,774.00,3103.00,,,,,,,,
20-Sep-19,EIA-912,794.00,934.00,194.00,286.00,998.00,207.00,790.00,3205.00,,,,,,,,
27-Sep-19,EIA-912,826.00,973.00,199.00,291.00,1029.00,220.00,809.00,3317.00,,,,,,,,
04-Oct-19,EIA-912,854.00,1009.00,203.00,296.00,1054.00,229.00,825.00,3415.00,,,,,,,,
11-Oct-19,EIA-912,880.00,1044.00,205.00,296.00,1093.00,246.00,847.00,3519.00,,,,,,,,
18-Oct-19,EIA-912,898.00,1069.00,208.00,297.00,1134.00,268.00,866.00,3606.00,,,,,,,,
25-Oct-19,EIA-912,913.00,1095.00,211.00,298.00,1178.00,293.00,885.00,3695.00,,,,,,,,
01-Nov-19,EIA-912,932.00,1109.00,207.00,292.00,1189.00,303.00,886.00,3729.00,,,,,,,,
08-Nov-19,EIA-912,932.00,1106.00,207.00,290.00,1197.00,313.00,884.00,3732.00,,,,,,,,
15-Nov-19,EIA-912,909.00,1069.00,205.00,292.00,1164.00,299.00,864.00,3638.00,,,,,,,,
22-Nov-19,EIA-912,894.00,1052.00,204.00,293.00,1166.00,303.00,863.00,3610.00,,,,,,,,
29-Nov-19,EIA-912,891.00,1040.00,200.00,286.00,1174.00,316.00,858.00,3591.00,,,,,,,,
06-Dec-19,EIA-912,867.00,1013.00,193.00,276.00,1168.00,321.00,847.00,3518.00,,,,,,,,
13-Dec-19,EIA-912,838.00,973.00,186.00,273.00,1142.00,319.00,823.00,3411.00,,,,,,,,
20-Dec-19,EIA-912,796.00,923.00,177.00,260.00,1094.00,309.00,786.00,3250.00,,,,,,,,
27-Dec-19,EIA-912,771.00,905.00,173.00,251.00,1093.00,313.00,780.00,3192.00,,,,,,,,
03-Jan-20,EIA-912,756.00,885.00,166.00,244.00,1097.00,323.00,774.00,3148.00,,,,,,,,
10-Jan-20,EIA-912,716.00,851.00,161.00,235.00,1076.00,320.00,756.00,3039.00,,,,,,,,
17-Jan-20,EIA-912,696.00,815.00,151.00,220.00,1065.00,328.00,737.00,2947.00,,,,,,,,
24-Jan-20,EIA-912,638.00,761.00,143.00,210.00,995.00,297.00,698.00,2746.00,,,,,,,,
31-Jan-20,EIA-912,598.00,725.00,136.00,210.00,941.00,281.00,660.00,2609.00,,,,,,,,
07-Feb-20,EIA-912,569.00,694.00,126.00,202.00,903.00,269.00,634.00,2494.00,,,,,,,,
14-Feb-20,EIA-912,527.00,639.00,117.00,198.00,861.00,257.00,605.00,2343.00,,,,,,,,
21-Feb-20,EIA-912,484.00,591.00,108.00,196.00,821.00,244.00,578.00,2200.00,,,,,,,,
28-Feb-20,EIA-912,451.00,558.00,101.00,197.00,784.00,229.00,555.00,2091.00,,,,,,,,
06-Mar-20,EIA-912,426.00,529.00,97.00,200.00,791.00,235.00,556.00,2043.00,,,,,,,,
13-Mar-20,EIA-912,412.00,512.00,96.00,199.00,814.00,247.00,568.00,2034.00,,,,,,,,
20-Mar-20,EIA-912,398.00,492.00,92.00,194.00,829.00,258.00,571.00,2005.00,,,,,,,,
27-Mar-20,EIA-912,382.00,476.00,92.00,197.00,840.00,256.00,585.00,1986.00,,,,,,,,
03-Apr-20,EIA-912,382.00,475.00,92.00,203.00,872.00,265.00,607.00,2024.00,,,,,,,,
10-Apr-20,EIA-912,400.00,487.00,95.00,203.00,912.00,286.00,626.00,2097.00,,,,,,,,
17-Apr-20,EIA-912,400.00,493.00,96.00,210.00,941.00,301.00,640.00,2140.00,,,,,,,,
24-Apr-20,EIA-912,405.00,506.00,103.00,218.00,979.00,314.00,664.00,2210.00,,,,,,,,
01-May-20,EIA-912,424.00,530.00,111.00,228.00,1027.00,331.00,695.00,2319.00,,,,,,,,
08-May-20,EIA-912,452.00,554.00,117.00,240.00,1059.00,340.00,719.00,2422.00,,,,,,,,
15-May-20,EIA-912,469.00,576.00,124.00,253.00,1081.00,345.00,737.00,2503.00,,,,,,,,
22-May-20,EIA-912,504.00,606.00,132.00,264.00,1105.00,348.00,757.00,2612.00,,,,,,,,
29-May-20,EIA-912,536.00,634.00,140.00,273.00,1131.00,353.00,778.00,2714.00,,,,,,,,
05-Jun-20,EIA-912,563.00,662.00,148.00,281.00,1153.00,357.00,797.00,2807.00,,,,,,,,
12-Jun-20,EIA-912,586.00,688.00,156.00,290.00,1173.00,358.00,815.00,2892.00,,,,,,,,
19-Jun-20,EIA-912,619.00,716.00,165.00,299.00,1212.00,372.00,840.00,3012.00,,,,,,,,
26-Jun-20,EIA-912,639.00,740.00,173.00,304.00,1222.00,368.00,854.00,3077.00,,,,,,,,
03-Jul-20,EIA-912,657.00,761.00,180.00,310.00,1226.00,364.00,862.00,3133.00,,,,,,,,
10-Jul-20,EIA-912,672.00,780.00,186.00,312.00,1228.00,359.00,869.00,3178.00,,,,,,,,
17-Jul-20,EIA-912,693.00,799.00,190.00,311.00,1221.00,349.00,872.00,3215.00,,,,,,,,
24-Jul-20,EIA-912,706.00,815.00,196.00,313.00,1211.00,339.00,872.00,3241.00,,,,,,,,
31-Jul-20,EIA-912,718.00,830.00,202.00,311.00,1214.00,336.00,878.00,3274.00,,,,,,,,
07-Aug-20,EIA-912,738.00,856.00,206.00,314.00,1219.00,337.00,883.00,3332.00,,,,,,,,
14-Aug-20,EIA-912,750.00,880.00,209.00,313.00,1223.00,335.00,888.00,3375.00,,,,,,,,
21-Aug-20,EIA-912,775.00,904.00,212.00,306.00,1223.00,334.00,889.00,3420.00,,,,,,,,
28-Aug-20,EIA-912,789.00,924.00,212.00,304.00,1225.00,331.00,895.00,3455.00,,,,,,,,
04-Sep-20,EIA-912,805.00,953.00,216.00,308.00,1243.00,335.00,908.00,3525.00,,,,,,,,
11-Sep-20,EIA-912,825.00,983.00,221.00,310.00,1276.00,349.00,927.00,3614.00,,,,,,,,
18-Sep-20,EIA-912,851.00,1009.00,225.00,312.00,1283.00,349.00,934.00,3680.00,,,,,,,,
25-Sep-20,EIA-912,872.00,1033.00,231.00,316.00,1304.00,358.00,945.00,3756.00,,,,,,,,
02-Oct-20,EIA-912,893.00,1062.00,236.00,318.00,1322.00,366.00,955.00,3831.00,,,,,,,,
09-Oct-20,EIA-912,908.00,1081.00,241.00,320.00,1326.00,366.00,960.00,3877.00,,,,,,,,
16-Oct-20,EIA-912,923.00,1105.00,245.00,323.00,1329.00,360.00,969.00,3926.00,,,,,,,,
23-Oct-20,EIA-912,941.00,1118.00,245.00,323.00,1329.00,360.00,968.00,3955.00,,,,,,,,
30-Oct-20,EIA-912,947.00,1119.00,240.00,320.00,1293.00,348.00,945.00,3919.00,,,,,,,,
06-Nov-20,EIA-912,942.00,1127.00,243.00,322.00,1293.00,345.00,948.00,3927.00,,,,,,,,
13-Nov-20,EIA-912,953.00,1139.00,241.00,319.00,1306.00,350.00,956.00,3958.00,,,,,,,,
20-Nov-20,EIA-912,934.00,1133.00,242.00,320.00,1312.00,356.00,956.00,3940.00,,,,,,,,
27-Nov-20,EIA-912,934.00,1122.00,240.00,318.00,1326.00,368.00,958.00,3939.00,,,,,,,,
04-Dec-20,EIA-912,915.00,1095.00,232.00,312.00,1294.00,361.00,933.00,3848.00,,,,,,,,
11-Dec-20,EIA-912,881.00,1059.00,223.00,306.00,1256.00,348.00,908.00,3726.00,,,,,,,,
18-Dec-20,EIA-912,844.00,1015.00,212.00,296.00,1207.00,337.00,870.00,3574.00,,,,,,,,
25-Dec-20,EIA-912,810.00,973.00,204.00,289.00,1183.00,334.00,849.00,3460.00,,,,,,,,
01-Jan-21,EIA-912,765.00,923.00,196.00,282.00,1163.00,333.00,830.00,3330.00,,,,,,,,
08-Jan-21,EIA-912,726.00,879.00,188.00,278.00,1126.00,327.00,799.00,3196.00,,,,,,,,
15-Jan-21,EIA-912,679.00,828.00,176.00,275.00,1051.00,296.00,755.00,3009.00,,,,,,,,
22-Jan-21,EIA-912,641.00,780.00,170.00,275.00,1014.00,288.00,726.00,2881.00,,,,,,,,
29-Jan-21,EIA-912,582.00,719.00,158.00,261.00,970.00,281.00,689.00,2689.00,,,,,,,,
05-Feb-21,EIA-912,529.00,666.00,150.00,257.00,915.00,261.00,654.00,2518.00,,,,,,,,
12-Feb-21,EIA-912,485.00,589.00,137.00,244.00,826.00,233.00,593.00,2281.00,,,,,,,,
19-Feb-21,EIA-912,424.00,508.00,123.00,218.00,670.00,150.00,520.00,1943.00,,,,,,,,
26-Feb-21,EIA-912,383.00,465.00,117.00,210.00,670.00,159.00,511.00,1845.00,,,,,,,,
05-Mar-21,EIA-912,350.00,440.00,113.00,205.00,685.00,176.00,509.00,1793.00,,,,,,,,
12-Mar-21,EIA-912,328.00,426.00,114.00,199.00,715.00,197.00,519.00,1782.00,,,,,,,,
19-Mar-21,EIA-912,307.00,405.00,112.00,193.00,734.00,215.00,519.00,1750.00,,,,,,,,
26-Mar-21,EIA-912,307.00,401.00,112.00,194.00,749.00,226.00,523.00,1764.00,,,,,,,,
02-Apr-21,EIA-912,305.00,398.00,115.00,198.00,768.00,235.00,533.00,1784.00,,,,,,,,
09-Apr-21,EIA-912,311.00,414.00,118.00,205.00,798.00,251.00,547.00,1845.00,,,,,,,,
16-Apr-21,EIA-912,325.00,421.00,118.00,210.00,810.00,256.00,554.00,1883.00,,,,,,,,
23-Apr-21,EIA-912,319.00,427.00,119.00,217.00,816.00,258.00,558.00,1898.00,,,,,,,,
30-Apr-21,EIA-912,332.00,442.00,124.00,224.00,836.00,264.00,572.00,1958.00,,,,,,,,
07-May-21,EIA-912,347.00,458.00,131.00,235.00,857.00,269.00,588.00,2029.00,,,,,,,,
14-May-21,EIA-912,358.00,472.00,135.00,247.00,888.00,280.00,608.00,2100.00,,,,,,,,
21-May-21,EIA-912,385.00,499.00,144.00,256.00,931.00,296.00,635.00,2215.00,,,,,,,,
28-May-21,EIA-912,413.00,522.00,151.00,268.00,959.00,300.00,659.00,2313.00,,,,,,,,
04-Jun-21,EIA-912,445.00,547.00,160.00,276.00,983.00,302.00,681.00,2411.00,,,,,,,,
11-Jun-21,EIA-912,461.00,570.00,165.00,236.00,995.00,299.00,696.00,2427.00,,,,,,,,
18-Jun-21,EIA-912,488.00,595.00,169.00,239.00,991.00,295.00,697.00,2482.00,,,,,,,,
25-Jun-21,EIA-912,513.00,623.00,173.00,244.00,1005.00,296.00,709.00,2558.00,,,,,,,,
02-Jul-21,EIA-912,521.00,638.00,177.00,246.00,991.00,286.00,705.00,2574.00,,,,,,,,
09-Jul-21,EIA-912,543.00,662.00,180.00,250.00,995.00,283.00,712.00,2629.00,,,,,,,,
16-Jul-21,EIA-912,562.00,683.00,183.00,247.00,1002.00,279.00,723.00,2678.00,,,,,,,,
23-Jul-21,EIA-912,583.00,702.00,184.00,246.00,999.00,269.00,729.00,2714.00,,,,,,,,
30-Jul-21,EIA-912,604.00,719.00,184.00,244.00,976.00,250.00,726.00,2727.00,,,,,,,,
06-Aug-21,EIA-912,629.00,741.00,185.00,241.00,979.00,247.00,732.00,2776.00,,,,,,,,
13-Aug-21,EIA-912,645.00,765.00,188.00,240.00,984.00,244.00,741.00,2822.00,,,,,,,,
20-Aug-21,EIA-912,661.00,790.00,188.00,241.00,970.00,229.00,742.00,2851.00,,,,,,,,
27-Aug-21,EIA-912,678.00,812.00,190.00,243.00,948.00,214.00,734.00,2871.00,,,,,,,,
03-Sep-21,EIA-912,703.00,842.00,191.00,243.00,943.00,208.00,735.00,2923.00,,,,,,,,
10-Sep-21,EIA-912,732.00,876.00,193.00,240.00,965.00,217.00,748.00,3006.00,,,,,,,,
17-Sep-21,EIA-912,751.00,904.00,196.00,240.00,990.00,228.00,762.00,3082.00,,,,,,,,
24-Sep-21,EIA-912,779.00,934.00,201.00,243.00,1013.00,239.00,774.00,3170.00,,,,,,,,
01-Oct-21,EIA-912,810.00,971.00,206.00,248.00,1054.00,259.00,795.00,3288.00,,,,,,,,
08-Oct-21,EIA-912,834.00,997.00,210.00,251.00,1079.00,269.00,810.00,3369.00,,,,,,,,
15-Oct-21,EIA-912,862.00,1027.00,211.00,253.00,1108.00,283.00,825.00,3461.00,,,,,,,,
22-Oct-21,EIA-912,885.00,1052.00,212.00,255.00,1144.00,304.00,840.00,3548.00,,,,,,,,
29-Oct-21,EIA-912,899.00,1071.00,213.00,256.00,1172.00,320.00,852.00,3611.00,,,,,,,,
05-Nov-21,EIA-912,897.00,1075.00,213.00,258.00,1175.00,324.00,850.00,3618.00,,,,,,,,
12-Nov-21,EIA-912,900.00,1079.00,212.00,261.00,1191.00,331.00,860.00,3644.00,,,,,,,,
19-Nov-21,EIA-912,889.00,1066.00,210.00,262.00,1197.00,338.00,859.00,3623.00,,,,,,,,
26-Nov-21,EIA-912,867.00,1043.00,206.00,263.00,1185.00,335.00,851.00,3564.00,,,,,,,,
03-Dec-21,EIA-912,843.00,1019.00,206.00,266.00,1171.00,328.00,842.00,3505.00,,,,,,,,
10-Dec-21,EIA-912,818.00,982.00,199.00,261.00,1158.00,328.00,829.00,3417.00,,,,,,,,
17-Dec-21,EIA-912,809.00,963.00,188.00,247.00,1155.00,334.00,820.00,3362.00,,,,,,,,
24-Dec-21,EIA-912,777.00,918.00,180.00,235.00,1116.00,326.00,790.00,3226.00,,,,,,,,
31-Dec-21,EIA-912,767.00,893.00,172.00,219.00,1143.00,347.00,796.00,3195.00,,,,,,,,
07-Jan-22,EIA-912,730.00,835.00,159.00,204.00,1088.00,330.00,759.00,3016.00,,,,,,,,
14-Jan-22,EIA-912,669.00,770.00,151.00,201.00,1019.00,308.00,711.00,2810.00,,,,,,,,
21-Jan-22,EIA-912,609.00,701.00,143.00,201.00,938.00,279.00,658.00,2591.00,,,,,,,,
28-Jan-22,EIA-912,541.00,616.00,133.00,196.00,837.00,231.00,606.00,2323.00,,,,,,,,
04-Feb-22,EIA-912,485.00,552.00,121.00,181.00,763.00,207.00,556.00,2101.00,,,,,,,,
11-Feb-22,EIA-912,435.00,496.00,114.00,177.00,689.00,173.00,516.00,1911.00,,,,,,,,
18-Feb-22,EIA-912,396.00,450.00,105.00,176.00,655.00,168.00,487.00,1782.00,,,,,,,,
25-Feb-22,EIA-912,358.00,404.00,96.00,164.00,620.00,163.00,457.00,1643.00,,,,,,,,
04-Mar-22,EIA-912,317.00,364.00,93.00,162.00,582.00,151.00,431.00,1519.00,,,,,,,,
11-Mar-22,EIA-912,290.00,337.00,87.00,155.00,571.00,159.00,412.00,1440.00,,,,,,,,
18-Mar-22,EIA-912,268.00,318.00,87.00,157.00,559.00,156.00,404.00,1389.00,,,,,,,,
25-Mar-22,EIA-912,268.00,317.00,89.00,161.00,581.00,169.00,412.00,1415.00,,,,,,,,
01-Apr-22,EIA-912,241.00,296.00,91.00,165.00,589.00,173.00,416.00,1382.00,,,,,,,,
08-Apr-22,EIA-912,229.00,293.00,90.00,169.00,617.00,186.00,431.00,1397.00,,,,,,,,
15-Apr-22,EIA-912,238.00,304.00,89.00,169.00,650.00,201.00,449.00,1450.00,,,,,,,,
22-Apr-22,EIA-912,238.00,309.00,90.00,171.00,681.00,215.00,467.00,1490.00,,,,,,,,
29-Apr-22,EIA-912,253.00,324.00,92.00,176.00,721.00,233.00,489.00,1567.00,,,,,,,,
06-May-22,EIA-912,274.00,342.00,96.00,183.00,749.00,241.00,507.00,1643.00,,,,,,,,
13-May-22,EIA-912,296.00,364.00,103.00,187.00,781.00,251.00,531.00,1732.00,,,,,,,,
20-May-22,EIA-912,325.00,394.00,109.00,193.00,798.00,252.00,547.00,1819.00,,,,,,,,
27-May-22,EIA-912,345.00,426.00,113.00,200.00,817.00,248.00,569.00,1901.00,,,,,,,,
03-Jun-22,EIA-912,376.00,454.00,118.00,211.00,843.00,251.00,593.00,2003.00,,,,,,,,
10-Jun-22,EIA-912,407.00,482.00,122.00,221.00,863.00,251.00,612.00,2095.00,,,,,,,,
17-Jun-22,EIA-912,430.00,506.00,128.00,231.00,875.00,248.00,628.00,2169.00,,,,,,,,
24-Jun-22,EIA-912,461.00,535.00,134.00,235.00,886.00,242.00,644.00,2251.00,,,,,,,,
01-Jul-22,EIA-912,482.00,562.00,138.00,240.00,890.00,233.00,657.00,2311.00,,,,,,,,
08-Jul-22,EIA-912,501.00,586.00,143.00,249.00,890.00,221.00,669.00,2369.00,,,,,,,,
