indice_tiempo,faena_total_pais,porcentaje_hembras,produccion_en_miles_de_toneladas_res_con_hueso,peso_promedio_res,novillos_precio_kilo_vivo_pesos,novillo_precio_kilo_vivo_dolares,novillos_peso_kilo_vivo,consumo_interno_aparente_en_miles_de_toneladas_res_c_hueso,consumo_interno_per_capita_kg_por_habitante,consumo_interno_per_capita_kg_por_habitante_por_anio,exportacion_volumen_en_toneladas_equivalentes_res_con_hueso,exportacion_valor_en_miles_de_dolares,exportacion_precio_dolares_por_toneladas_res_con_hueso,,
1/1/1998,981503,41.82,215.2,219.25,1,1,448,191.23,62.79,64.11,26785.94,54865.43,2048.29,,
2/1/1998,889530,43.02,191.89,215.72,1.07,1.07,447,169.56,61.58,63.85,25146.46,50791.64,2019.83,,
3/1/1998,992968,43.24,211.44,212.94,1.09,1.09,441,190.18,62.32,63.8,24082.9,50331.92,2089.94,,
4/1/1998,936164,42.03,200.01,213.65,1.11,1.11,441,176.69,59.78,62.77,26138.69,56388.48,2157.28,,
5/1/1998,912879,42.83,193.45,211.91,1.14,1.14,440,174.36,57.04,62.05,21904.65,48956,2234.96,,
6/1/1998,909223,42.65,195.32,214.82,1.24,1.24,442,177.76,60.03,61.85,20378.12,45619.47,2238.65,,
7/1/1998,895015,42.09,195.52,218.45,1.26,1.26,441,179.62,58.65,61.46,18712.06,44526.82,2379.58,,
8/1/1998,871195,39.95,194.33,223.06,1.21,1.22,443,178.17,58.12,61.25,18975.16,48772.24,2570.32,,
9/1/1998,908890,39.29,204.34,224.83,0.99,0.99,443,182.51,61.46,60.76,24650.62,62598.95,2539.45,,
10/1/1998,953602,39.94,214.72,225.17,0.9,0.9,447,190.54,62.04,60.64,26990.63,60395.08,2237.63,,
11/1/1998,965913,40.81,218.56,226.27,0.85,0.86,451,191.72,64.45,61.14,29649.78,66067.58,2228.27,,
12/1/1998,1050844,41.54,234.38,223.04,0.82,0.82,452,204.75,66.54,61.23,32452.33,65069.76,2005.09,,
1/1/1999,948672,40.02,214.8,226.42,0.78,0.78,454,187.3,60.81,61.07,28746.35,55554.7,1932.58,,
2/1/1999,927260,40,207.69,223.98,0.79,0.79,452,179.09,64.32,61.3,29847.37,54652.63,1831.07,,
3/1/1999,1074506,40.03,237.5,221.03,0.8,0.8,455,208.81,67.67,61.74,29930.14,57574.96,1923.64,,
4/1/1999,963026,40.65,211.97,220.11,0.84,0.84,451,186.44,62.38,61.96,26772.06,49251.01,1839.64,,
5/1/1999,1006152,40.64,222.97,221.61,0.83,0.83,450,198.53,64.22,62.56,25692.03,48909.15,1903.67,,
6/1/1999,977610,40.62,217.05,222.02,0.82,0.82,447,190.98,63.78,62.87,27312.85,51497.44,1885.47,,
7/1/1999,981162,40.29,218.12,222.31,0.81,0.82,446,194.53,62.81,63.22,24837.46,46874.49,1887.25,,
8/1/1999,1021676,39.91,229.51,224.64,0.79,0.79,448,204.28,65.9,63.87,26471.58,52967.73,2000.93,,
9/1/1999,1025461,39.97,231.02,225.28,0.79,0.79,448,207.21,69.01,64.49,25048.76,51321.56,2048.87,,
10/1/1999,1021556,40.84,233.09,228.18,0.75,0.75,452,204.27,65.77,64.81,30066.69,60528.41,2013.14,,
11/1/1999,1098031,41.32,249.97,227.66,0.74,0.74,455,215.25,71.55,65.4,35965.68,68497.53,1904.52,,
12/1/1999,1099917,41.51,245.72,223.4,0.74,0.74,454,210.05,67.51,65.48,36908.03,64358.73,1743.76,,
1/1/2000,1041838,41.06,232.36,223.03,0.76,0.76,456,199.11,64.11,65.75,34432.27,56258.71,1633.89,,
2/1/2000,1005183,41.99,219.8,218.66,0.83,0.83,453,191.16,65.73,65.87,29822.38,49337.56,1654.38,,
3/1/2000,1137095,42.45,246.57,216.85,0.88,0.88,451,215.15,69.14,65.99,32604.57,58071.56,1781.09,,
4/1/2000,934731,42.8,200.77,214.79,0.88,0.88,448,174.18,57.79,65.61,27781.57,49388.31,1777.74,,
5/1/2000,1079383,42.84,230.48,213.53,0.88,0.88,446,203.73,65.35,65.7,27938.91,51574.47,1845.97,,
6/1/2000,1042738,43.75,225.72,216.46,0.92,0.93,443,197.93,65.55,65.85,28964.44,52460.01,1811.19,,
7/1/2000,1020005,42.15,224.44,220.04,0.9,0.9,445,193.11,61.83,65.77,32508.04,60208,1852.1,,
8/1/2000,1040550,40.91,229.12,220.19,0.87,0.87,446,203.2,65,65.7,27101.85,51008.91,1882.12,,
9/1/2000,1003889,40.53,224.36,223.49,0.89,0.89,448,198.71,65.62,65.41,26830.66,50933.53,1898.33,,
10/1/2000,998873,41.89,221.87,222.12,0.9,0.9,452,200.73,64.09,65.27,22319.48,45237.94,2026.84,,
11/1/2000,1053556,44.19,235.4,223.44,0.86,0.86,458,208.19,68.62,65.03,28400.01,51092.22,1799.02,,
12/1/2000,1042395,45.33,228.3,219.02,0.83,0.83,454,206.1,65.68,64.88,23388.12,42302.55,1808.72,,
1/1/2001,1047060,43.76,229.8,219.47,0.83,0.83,458,204.14,64.83,64.94,27014.78,42155.06,1560.44,,
2/1/2001,980606,41.75,214.23,218.47,0.85,0.85,455,187.62,65.91,64.95,27796.14,44897.98,1615.26,,
3/1/2001,1004051,41.84,211.22,210.37,0.85,0.85,453,196.07,62.17,64.37,16561.62,25263.76,1525.44,,
4/1/2001,937681,43.42,194.49,207.42,0.85,0.85,456,188.65,61.76,64.7,7262.2,10319.19,1420.95,,
5/1/2001,981754,42.84,206.33,210.17,0.84,0.84,453,196.78,62.29,64.45,9629.27,12206.22,1267.62,,
6/1/2001,938215,41.23,201.2,214.45,0.83,0.83,451,194.56,63.59,64.28,6777.54,8583.86,1266.51,,
7/1/2001,963735,41,208.12,215.95,0.79,0.79,451,198.14,62.62,64.35,10113.3,13027.36,1288.14,,
8/1/2001,976874,40.36,211.78,216.79,0.73,0.74,451,204.08,64.45,64.3,7957.15,10417.56,1309.21,,
9/1/2001,866959,40.56,188.61,217.56,0.67,0.67,453,178.37,58.16,63.68,10910.64,12838.21,1176.67,,
10/1/2001,995446,40.6,215.59,216.58,0.67,0.67,456,206.9,65.24,63.78,9765.98,13253.94,1357.15,,
11/1/2001,974489,42.67,210.86,216.38,0.64,0.64,459,202.92,66.06,63.56,9726.41,11963.91,1230.04,,
12/1/2001,919863,43.8,196.77,213.92,0.65,0.66,460,189.58,59.68,63.06,9083.59,10805.63,1189.58,,
1/1/2002,912177,45.73,194.68,213.42,0.75,0.54,467.54,187.57,59,62.58,8401.62,10023.45,1193.04,,
2/1/2002,905498,44.4,197.99,218.65,0.88,0.42,471,186.17,64.78,62.48,12820.76,19395.88,1512.85,,
3/1/2002,934542,41.49,205.36,219.75,0.92,0.35,458,182.89,57.44,62.09,23033.6,37802.93,1641.21,,
4/1/2002,1000301,42.7,216.4,216.34,1.3,0.45,456,191.54,62.11,62.12,25203.68,36848.26,1462.02,,
5/1/2002,1009796,41.95,221.25,219.1,1.29,0.38,449,184.87,57.97,61.76,36755.3,51281.44,1395.21,,
6/1/2002,1042876,43.89,228.28,218.89,1.37,0.37,447,201.1,65.11,61.88,27483.64,33001.68,1200.78,,
7/1/2002,1063835,42.48,233.79,219.76,1.54,0.42,443,197.68,61.89,61.82,36472.45,42540.36,1166.37,,
8/1/2002,916481,41.15,205.08,223.77,1.93,0.53,446,166.66,52.13,60.8,38810.24,45751.55,1178.85,,
9/1/2002,891495,40.82,200.29,224.66,2.07,0.56,445,164.91,53.26,60.39,35834.83,44561.18,1243.52,,
10/1/2002,954068,42.24,213.16,223.42,2.04,0.56,450,175.58,54.83,59.52,37864.01,46314.72,1223.19,,
11/1/2002,912141,44.1,203.09,222.65,2.07,0.58,454,166.86,53.81,58.5,36472.73,45377.11,1244.14,,
12/1/2002,956632,46.8,206.23,215.58,2.09,0.6,453,175.24,54.64,58.08,32047.69,39832.65,1242.92,,
1/1/2003,948291,43.79,211.01,222.52,2.02,0.61,457,180.18,56.14,57.84,31921.31,41254.34,1292.38,,
2/1/2003,865925,43.69,188.48,217.66,2.01,0.63,451,160.23,55.23,57.04,29233.83,39490.75,1350.86,,
3/1/2003,940912,43.11,201.83,214.51,1.96,0.63,450,175.88,54.71,56.82,26980.07,40716.38,1509.13,,
4/1/2003,994561,44.18,209.44,210.58,1.87,0.65,447,184.53,59.27,56.58,25894.54,38524.04,1487.73,,
5/1/2003,1011824,45.85,211.38,208.91,1.84,0.65,446,184.23,57.22,56.52,28394.46,43345.33,1526.54,,
6/1/2003,1022114,46.3,214.19,209.56,1.84,0.65,445,187.75,60.21,56.11,27756.39,39211.56,1412.7,,
7/1/2003,1111491,43.43,237.32,213.52,1.84,0.66,444,201.96,62.62,56.17,36039.87,53384.69,1481.27,,
8/1/2003,1042236,43.74,221.22,212.26,1.91,0.65,446,182.74,56.62,56.55,38830.46,55494.69,1429.15,,
9/1/2003,1113898,42.97,236.89,212.67,1.86,0.63,446,203.08,64.96,57.52,34039.37,54126.7,1590.12,,
10/1/2003,1174286,43.67,248.58,211.69,1.88,0.66,448,208.14,64.39,58.32,40707.77,64011.57,1572.47,,
11/1/2003,1088776,44.76,230.87,212.04,1.87,0.65,451,194.35,62.07,59.01,36707.21,55513.13,1512.32,,
12/1/2003,1217320,45.72,252.62,207.52,1.94,0.66,451,217.28,67.11,60.04,35477.51,52132.81,1469.46,,
1/1/2004,1113414,43.4,237.08,212.93,1.88,0.66,454,202.18,62.56,60.58,35240.6,52963,1502.9,,
2/1/2004,1084767,45.1,228.27,210.43,1.99,0.68,448,191.5,63.3,61.25,36978,57778,1562.5,,
3/1/2004,1239671,44.28,259.72,209.5,1.96,0.68,453,216.14,66.78,62.26,43959.9,71464,1625.66,,
4/1/2004,1110502,46.35,227.6,204.95,2.06,0.73,448,186.03,59.34,62.26,41869.4,68725,1641.41,,
5/1/2004,1192916,48.12,245.33,205.66,2.02,0.69,448,202.63,62.5,62.71,42874.2,69093,1611.53,,
6/1/2004,1256293,48.5,261.84,208.42,1.94,0.66,448,205.03,65.3,63.13,56984.8,89724,1574.53,,
7/1/2004,1230684,47.36,260.09,211.34,2,0.68,447,197.82,60.92,62.99,62410.3,95774,1534.59,,
8/1/2004,1231635,47.07,259.45,210.66,2.1,0.7,450,190.88,58.74,63.16,68710.7,103395,1504.79,,
9/1/2004,1215847,46.35,261.46,215.04,2.11,0.71,452,199.68,63.44,63.04,61903,94433,1525.5,,
10/1/2004,1181224,45.96,257.12,217.67,2.02,0.68,446.34,209.47,64.36,63.04,47859.4,74606,1558.86,,
11/1/2004,1226590,46.2,267.91,218.42,1.98,0.67,461,196.81,62.43,63.07,71308.1,104099,1459.85,,
12/1/2004,1248437,47.75,265.97,213.04,2.01,0.68,462,205.4,63.01,62.72,60931.2,90468,1484.76,,
1/1/2005,1128533,44.58,246.17,218.14,1.98,0.67,462,189.61,57.96,62.34,56850.8,83352,1466.15,,
2/1/2005,1092710,43.89,237.88,217.7,2.12,0.73,458,185.12,62.6,62.28,52938.5,80079,1512.68,,
3/1/2005,1136206,43.05,245.61,216.16,2.25,0.77,455,187.91,57.35,61.5,57936.4,90203,1556.93,,
4/1/2005,1211311,43.53,262.6,216.79,2.22,0.76,452,213.25,67.2,62.15,49538.6,85394,1723.79,,
5/1/2005,1270277,43.98,275.22,216.66,2.2,0.77,453,207.77,63.31,62.22,67688.2,114213,1687.34,,
6/1/2005,1218348,44.93,264.63,217.2,2.23,0.77,451,188.56,59.32,61.72,76274.1,129963,1703.89,,
7/1/2005,1201097,44.25,260.64,217,2.3,0.8,448,184.93,56.26,61.33,75870.9,123454,1627.16,,
8/1/2005,1279725,42.48,280.12,218.89,2.32,0.8,453,217.88,66.23,61.95,62436.2,108845,1743.3,,
9/1/2005,1246835,42.27,275.08,220.62,2.24,0.77,453,210.28,65.99,62.17,64968.4,114754,1766.3,,
10/1/2005,1234561,44.3,268.74,217.68,2.32,0.79,443.27,203.73,61.83,61.96,65335,107218,1641.05,,
11/1/2005,1186146,39.4,272.88,230.06,2.47,0.83,457,191.12,59.89,61.74,82184.1,146500,1782.58,,
12/1/2005,1144571,40.3,258.03,225.44,2.36,0.81,481.9,199.21,60.36,61.52,59405.6,110991,1868.36,,
1/1/2006,1138254,40.83,257.76,226.46,2.37,0.78,486.95,202.74,61.38,61.81,55323.6,108191,1955.6,,
2/1/2006,1007948,40.55,226.37,224.58,2.51,0.82,485.8,185.21,62.03,61.76,41467.4,79369,1914.01,,
3/1/2006,1114299,36.77,257.72,231.28,2.57,0.83,482.66,194.44,58.77,61.88,63541,117242,1845.14,,
4/1/2006,878694,39.38,199.01,226.48,2.36,0.77,489.6,176.4,55.05,60.87,22904.3,42579,1859,,
5/1/2006,1009348,40.33,228.33,226.22,2.24,0.73,483.48,221.94,66.98,61.17,7114,27097,3808.97,,
6/1/2006,1041743,40.05,239.34,229.75,2.12,0.69,482.46,215.89,67.27,61.84,23933.2,66317,2770.92,,
7/1/2006,1081878,39.75,250.15,231.22,2.23,0.72,483.52,208.09,62.69,62.37,42255.1,97412,2305.33,,
8/1/2006,1277126,41.41,296.22,231.94,2.28,0.74,479.2,235.95,71.03,62.77,60411.5,128492,2126.95,,
9/1/2006,1217509,42.03,280.1,230.06,2.25,0.73,475.08,209.38,65.08,62.7,70857.6,153956,2172.75,,
10/1/2006,1253146,43.94,280.8,224.08,2.31,0.75,477.46,211.67,63.62,62.85,69331.2,148679,2144.47,,
11/1/2006,1270595,45.65,281.74,221.74,2.48,0.81,480.01,210.93,65.46,63.31,70999,147022,2070.76,,
12/1/2006,1124620,47.95,239.4,212.87,2.38,0.78,480.11,202.9,60.89,63.35,36918.8,83533,2262.61,,
1/1/2007,1222573,46.2,268.59,219.69,2.33,0.75,486.17,234.8,70.4,64.11,33992.6,83697,2462.21,,
2/1/2007,1085812,45.46,237.47,218.7,2.35,0.76,490.98,208.05,69.01,64.69,29603.8,69896,2361.05,,
3/1/2007,1176370,44.38,256.66,218.18,2.36,0.76,485.26,221.32,66.25,65.31,35585,87718,2465.03,,
4/1/2007,1103249,46.76,237.06,214.87,2.41,0.78,474.48,198.51,61.35,65.84,38763.6,85356,2201.96,,
5/1/2007,1209901,47.35,261.41,216.06,2.73,0.89,475.02,220.22,65.82,65.74,41642.9,95700,2298.11,,
6/1/2007,1202138,48.19,263.19,218.94,2.66,0.87,475.76,221.93,68.48,65.84,41670.6,96153,2307.45,,
7/1/2007,1300901,48.05,284.24,218.49,2.58,0.83,478.73,229.94,68.61,66.33,54555.4,114198,2093.25,,
8/1/2007,1381501,48.95,299.84,217.04,2.65,0.84,476.96,235.23,70.13,66.26,64779.9,140213,2164.45,,
9/1/2007,1171053,47,249.13,212.74,2.74,0.86,473.14,198.89,61.23,65.94,50378.7,126422,2509.43,,
10/1/2007,1387410,48.15,290.9,209.67,2.86,0.91,478.72,239.32,71.24,66.57,51681.8,129817,2511.85,,
11/1/2007,1423321,48.76,304.07,213.63,2.97,0.95,481.45,247.3,76,67.45,57144.2,146640,2566.14,,
12/1/2007,1291430,49.72,271.14,209.95,2.93,0.93,485.14,232.23,69.01,68.13,39212.9,105232,2683.61,,
1/1/2008,1336470,47.67,285.52,213.63,2.93,0.93,487.92,236.13,70.31,68.12,49771.2,136118,2734.87,,
2/1/2008,1241836,51.02,261.77,210.79,3.05,0.97,484.81,220.27,70.05,68.21,41825.8,126491,3024.23,,
3/1/2008,722024,48.4,152.36,211.02,3.13,0.99,477.62,117.26,34.86,65.59,35392.9,117531,3320.75,,
4/1/2008,1379156,48.89,294.89,213.82,3.07,0.97,484.7,276.89,84.99,67.56,18464.2,53143,2878.16,,
5/1/2008,1103694,50.83,232,210.2,3.07,0.97,476.69,222.1,65.92,67.57,10298.3,57698,5602.67,,
6/1/2008,1023830,49.55,218.2,213.12,3.1,1.02,480,199.48,61.13,66.96,18941.5,93399,4930.92,,
7/1/2008,1370185,49.36,300.9,219.61,3.04,1.01,480.48,265.3,78.61,67.79,35793.6,122074,3410.5,,
8/1/2008,1300403,48.96,284.5,218.78,3.06,1.01,484.22,238.98,70.75,67.84,45624.2,191125,4189.11,,
9/1/2008,1364431,47.42,295.69,216.72,3.03,0.98,479.66,241.26,73.75,68.89,54527.9,201810,3701.04,,
10/1/2008,1332022,47.71,282.57,212.14,2.98,0.92,481.17,233.54,69.03,68.7,49182.7,179179,3643.13,,
11/1/2008,1181323,46.51,251.62,213,2.6,0.79,485.26,213.62,65.2,67.8,38114.5,120019,3148.91,,
12/1/2008,1304910,47.23,271.88,208.36,2.56,0.75,484.58,240.67,71.03,67.97,31423,87748,2792.48,,
1/1/2009,1311459,47.15,278.69,212.5,2.63,0.76,487.35,237.37,69.81,67.93,41466.1,105766,2550.66,,
2/1/2009,1213668,50.32,251.69,207.38,2.96,0.84,490.42,208.06,67.69,67.73,43759.6,110861,2533.41,,
3/1/2009,1259783,49.16,261.54,207.6,3.48,0.95,490.79,210.56,61.82,69.98,51069.9,133323,2610.6,,
4/1/2009,1342224,48.99,284.29,211.81,3.3,0.89,485.3,238.15,72.19,68.91,46231.8,122761,2655.34,,
5/1/2009,1241788,50.18,260.87,210.08,2.97,0.8,479.3,218.5,64.05,68.76,42447.1,120455,2837.77,,
6/1/2009,1427990,51.88,300.78,210.63,3.04,0.81,483.73,241.76,73.17,69.76,59067.2,139369,2359.5,,
7/1/2009,1458327,50.05,311.26,213.44,3.17,0.83,478.77,241.03,70.54,69.09,70273.7,160534,2284.41,,
8/1/2009,1390996,49.75,294.78,211.92,3.2,0.83,477.81,232.48,67.98,68.85,62333,147833,2371.67,,
9/1/2009,1333419,47.94,282.79,212.08,3.25,0.85,479.79,210.56,63.57,68.01,72271.6,162754,2251.98,,
10/1/2009,1439888,49.75,302.71,210.23,3.33,0.87,478.06,237.8,69.43,68.04,64925.1,160771,2476.25,,
11/1/2009,1324910,48.32,276.83,208.94,3.5,0.92,490.62,215.72,65.02,68.02,61141,157791,2580.77,,
12/1/2009,1308602,47.22,270.18,206.47,3.78,0.99,490.43,223.88,65.26,67.54,46391.8,130513,2813.28,,
1/1/2010,1133636,45.73,238.73,210.59,3.93,1.03,485.27,197.68,57.57,66.52,41128,119736,2911.3,,
2/1/2010,967760,46.12,205.3,212.14,5.17,1.36,494.47,170,54.77,65.45,35402.5,105831,2989.37,,
3/1/2010,1105605,48.27,230.86,208.81,5.48,1.42,491.93,198.18,57.63,65.1,32773,106084,3236.93,,
4/1/2010,974771,46.13,210.27,215.71,5.99,1.54,485.63,197.17,59.19,64.02,13307,58837,4421.51,,
5/1/2010,933997,42.84,209.47,224.27,6.28,1.61,482.95,190.27,55.24,63.28,19415,87161,4489.36,,
6/1/2010,951394,44.13,211.02,221.8,6.21,1.58,483.26,188.03,56.36,61.88,23175,101499,4379.68,,
7/1/2010,1009126,42.63,227.4,225.34,6.18,1.57,477.59,199.94,57.95,60.83,27615.5,92371,3344.9,,
8/1/2010,1049636,41.89,238.85,227.55,6.16,1.56,476.9,210.49,60.96,60.25,28502.5,106436,3734.27,,
9/1/2010,994473,40.44,225.59,226.84,6.62,1.67,478.85,195.01,58.31,59.81,30717,122534,3989.13,,
10/1/2010,895804,40.32,205.19,229.05,7.72,1.94,478.57,185.52,53.64,58.49,19756,81477,4124.16,,
11/1/2010,925596,40.39,212.23,229.29,8.04,2.03,481.5,190.4,56.84,57.81,22004.5,109288,4966.62,,
12/1/2010,940909,40.15,210.98,224.23,7.69,1.94,483.8,191.97,55.41,56.99,19336.5,96200,4975.05,,
1/1/2011,889059,39.6,201.48,226.62,7.28,1.83,476.13,179.61,51.8,56.51,21952.36,108341.02,4935.28,,
2/1/2011,851055,38.73,194.09,228.06,7.82,1.94,485.91,174.1,55.54,56.57,20050.91,102024.38,5088.27,,
3/1/2011,943434,36.59,218.43,231.53,8.25,2.04,482.78,198.99,57.28,56.54,19528.65,103363.35,5292.91,,
4/1/2011,821028,38.55,191.35,233.06,7.95,1.96,490.1,172.76,51.34,55.89,18654.39,101110.41,5420.19,,
5/1/2011,896681,37.36,208,231.96,7.79,1.91,487.09,184.26,52.93,55.7,23774.56,124036.2,5217.18,,
6/1/2011,880244,37.46,203.92,231.66,8.15,1.99,480.96,183.76,54.5,55.54,20201.76,107987.55,5345.45,,
7/1/2011,883661,36.55,205.46,232.51,8.24,2,476.72,186.54,53.49,55.17,18975.06,97696.49,5148.68,,
8/1/2011,954705,36.68,221.57,232.09,8.58,2.06,476.57,199.86,57.25,54.86,21782.99,111649.46,5125.53,,
9/1/2011,947364,36.39,220.22,232.45,8.56,2.04,480.72,199.38,58.96,54.91,20913.35,113219.42,5413.74,,
10/1/2011,919001,35.97,210.01,228.52,8.6,2.03,483.16,190.93,54.59,54.99,19152.82,109164.83,5699.67,,
11/1/2011,912403,37.78,206.84,226.7,8.67,2.04,480.42,190.51,56.23,54.94,16587.08,111540.61,6724.55,,
12/1/2011,963261,37.57,215.89,224.12,8.47,1.97,482.44,203.45,58.06,55.16,12812.87,80821.99,6307.88,,
1/1/2012,955814,38.52,215.41,225.37,7.96,1.84,481.22,200.95,57.45,55.63,14738.42,85283.79,5786.49,,
2/1/2012,894784,38.24,202.05,225.81,8.92,2.05,478.66,182.28,55.65,55.64,19843.18,104856.32,5284.25,,
3/1/2012,959587,37.72,218.97,228.19,9.57,2.19,479.18,201.8,57.58,55.67,17173.65,95202.45,5543.52,,
4/1/2012,854388,39.34,195.65,229,9.59,2.18,484.24,181.24,53.39,55.84,14412.99,82184.34,5702.1,,
5/1/2012,973060,37.06,225.52,231.76,9.38,2.1,484.79,211.65,60.27,56.45,13872.08,86288.87,6220.33,,
6/1/2012,879179,40.81,200.78,228.37,9.6,2.14,483.07,186.73,54.9,56.48,14047.79,73265.5,5215.45,,
7/1/2012,986917,39.99,226.96,229.97,8.55,1.86,477.99,212.06,60.28,57.05,14902.08,77131.68,5175.9,,
8/1/2012,959129,40.21,219.14,228.47,8.5,1.84,478.69,201.24,57.15,57.04,17907.91,97876.71,5465.56,,
9/1/2012,943421,40.35,213.2,225.99,8.48,1.81,477.31,197.61,57.93,56.95,15598.28,84329.31,5406.32,,
10/1/2012,1038946,40.46,235.45,226.62,8.42,1.78,478.96,219.28,62.15,57.59,16170.1,89599.63,5541.07,,
11/1/2012,995958,41.66,224.83,225.75,8.24,1.71,482.97,209.56,61.32,58.01,15273.35,92172.57,6034.86,,
12/1/2012,987609,41.78,217.85,220.59,8.49,1.74,484.97,203.39,57.54,57.97,14466.91,79799.23,5515.98,,
1/1/2013,1060153,41.33,239.25,225.67,8.68,1.75,483.07,223.01,62.86,58.42,16234.87,84665.21,5215.02,,
2/1/2013,969251,41.59,217.93,224.84,9.66,1.93,483.75,204.43,63.73,59.09,13504.5,70565.37,5225.32,,
3/1/2013,970462,41.75,220.59,227.31,9.3,1.83,479.62,203.13,57.15,59.06,17458.86,94769.92,5428.19,,
4/1/2013,1045238,41.59,235.35,225.16,9.28,1.8,472.49,220.02,63.91,59.93,15323.64,79779.34,5206.29,,
5/1/2013,1058122,41.23,239.41,226.26,9.07,1.78,468.57,220.79,62,60.08,18621.43,100124.53,5376.84,,
6/1/2013,989779,40.84,222.84,225.14,9.52,1.78,467.41,206.36,59.82,60.49,16479.4,78212.65,4746.08,,
7/1/2013,1133757,40.73,256.9,226.59,9.27,1.7,467.42,238.84,66.95,61.04,18055.36,86739.74,4804.1,,
8/1/2013,1049659,42.09,237.98,226.72,9.38,1.68,471.43,218.45,61.17,61.38,19533,93255.21,4774.24,,
9/1/2013,1071109,41.6,239.67,223.76,9.21,1.61,469.91,220.5,63.74,61.86,19173.75,93520.85,4877.55,,
10/1/2013,1161800,43.02,254.79,219.3,9.7,1.66,471.76,235.96,65.95,62.18,18832.07,93246.48,4951.47,,
11/1/2013,1030823,44.78,222.47,215.82,11.21,1.89,474.67,206.1,59.47,62.03,16370.8,74904.95,4575.52,,
12/1/2013,1085358,45.03,234.44,216,11.29,1.79,478.6,222.73,62.14,62.41,11704.57,59660.3,5097.18,,
1/1/2014,1052691,44.48,229.76,218.26,12.03,1.69,476.62,217.98,60.76,62.23,11777,65902.21,5595.84,,
2/1/2014,935531,45.26,203.61,217.64,14.25,1.82,471.21,191.78,59.13,61.85,11829,61349.27,5186.34,,
3/1/2014,996409,44.62,218.84,219.63,14.62,1.86,474.71,206.4,57.43,61.87,12444,68558.37,5509.35,,
4/1/2014,991565,44.1,217.98,219.84,14.9,1.86,471.56,203.17,58.36,61.41,14815,80666.11,5444.89,,
5/1/2014,1000823,44.48,222.1,221.92,15.13,1.88,467.56,202.16,56.14,60.92,19939,109406.25,5487.05,,
6/1/2014,1019093,44.7,224.61,220.4,15.03,1.85,470.57,204.51,58.64,60.82,20097,95633.07,4758.57,,
7/1/2014,1062187,45.59,234.15,220.44,16.17,1.98,468.53,212.33,58.86,60.15,21820,99655.11,4567.15,,
8/1/2014,958315,45.67,213.2,222.47,16.88,2.03,471.97,191.17,52.94,59.46,22033,101010.51,4584.51,,
9/1/2014,1028455,44.81,230.54,224.16,16.73,1.99,470.72,211.53,60.48,59.19,19006,90855.03,4780.33,,
10/1/2014,1032708,45.68,231.18,223.86,15.46,1.82,475.71,208.88,57.74,58.51,22308,108433.51,4860.75,,
11/1/2014,997488,45.54,222.22,222.78,15.28,1.8,475.91,203.76,58.15,58.4,18453,84443.75,4576.15,,
12/1/2014,1025713,44.76,225.9,220.24,14.96,1.75,477.17,208.07,57.42,58,17830,80577.72,4519.22,,
1/1/2015,1022228,44.9,229.01,224.03,15.14,1.76,478.16,212.84,58.68,57.83,16168,74365.67,4599.56,,
2/1/2015,945810,44.46,211.29,223.39,16.24,1.88,473.44,195.55,59.64,57.87,15731,69324.97,4406.9,,
3/1/2015,1069896,42.12,239.42,223.78,16.1,1.83,477.06,220.65,60.72,58.15,18770,80234.56,4274.62,,
4/1/2015,1010408,42.73,227.09,224.75,16.11,1.82,474.58,208.01,59.1,58.21,19081,82688.89,4333.57,,
5/1/2015,1006319,41.51,226.42,224.99,16.6,1.85,468.34,207.54,57.01,58.28,18874,78015.12,4133.47,,
6/1/2015,1071132,41.37,240.82,224.83,17.22,1.9,469.97,220.2,62.45,58.6,20620,80977.86,3927.15,,
7/1/2015,1028153,40.33,231.64,225.3,17.56,1.92,470.8,214.12,58.71,58.59,17519,71532.91,4083.16,,
8/1/2015,1002452,39.36,223.81,223.26,17.9,1.94,470.04,205.46,56.29,58.87,18343,77906.08,4247.18,,
9/1/2015,1066824,39.79,240.56,225.49,17.94,1.92,476.04,225.1,63.67,59.13,15463,69310.4,4482.34,,
10/1/2015,1009066,40.28,227.03,224.99,18.84,1.99,474.04,211.63,57.87,59.14,15406,72214.24,4687.41,,
11/1/2015,960242,41.33,214.65,223.54,20.29,2.11,479.52,200.97,56.74,59.02,13688,61656.51,4504.42,,
12/1/2015,964070,40.54,215.1,223.11,23.97,2.1,479.76,206.07,56.25,58.93,9024,48334.36,5356.2,,
1/1/2016,941113,40,214.98,228.43,22.4,1.62,480,198.24,54.21,58.56,16741.1,78951.03,4716,,
2/1/2016,913581,40.4,206.32,225.84,23.66,1.58,479,188.87,55.17,58.18,17448.1,84379.01,4836,,
3/1/2016,1010335,40.3,229.16,226.81,24.59,1.62,476,207.57,56.67,57.85,21583.3,99520.6,4611,,
4/1/2016,902498,39.2,203.23,225.19,26.17,1.79,467,182.09,51.32,57.2,21140.7,88917.78,4206,,
5/1/2016,985943,42,222.21,225.38,27.07,1.89,471,202.75,55.25,57.05,19457.1,81136.11,4170,,
6/1/2016,946228,41.2,212.38,224.45,28.75,2,468,196.06,55.16,56.44,16316,67042.44,4109,,
7/1/2016,928975,40.8,209.19,225.18,28.45,1.89,471,188.72,51.34,55.83,20465.1,82515.28,4032,,
8/1/2016,1038556,41.2,233.68,225.01,28.31,1.88,472,213.29,57.97,55.97,20386.6,83992.79,4120,,
9/1/2016,978182,41.1,221.95,226.9,28.28,1.85,475,203.09,56.99,55.41,18866.9,91674.27,4859,,
10/1/2016,977058,41.5,219.84,225,27.18,1.77,476,203,55.08,55.18,16844.5,80904.13,4803,,
11/1/2016,1029272,43.1,232.88,226.26,26.31,1.69,477,211.46,59.24,55.39,21420.2,101039.08,4717,,
12/1/2016,1068609,43,238.42,223.11,25.34,1.58,475,218.71,59.24,55.64,19711.4,89726.29,4552,,
1/1/2017,1035008,42.2,233.08,225.2,24.66,1.53,476,209.64,56.58,55.83,23442.5,97520.8,4160,,
2/1/2017,893549,43.3,199.72,223.51,26.68,1.69,472,176.76,52.77,55.63,22959.5,93215.57,4060,,
3/1/2017,1121267,41.5,251.82,224.59,28.83,1.84,470,229.82,61.92,56.07,22001.1,91678.58,4167,,
4/1/2017,920789,41.9,206.86,224.66,29.77,1.91,471,184.42,51.3,56.07,22441.8,89901.85,4006,,
5/1/2017,1060591,42.6,239.49,225.81,29.21,1.84,470,216.32,58.18,56.31,23163.4,93556.97,4039,,
6/1/2017,1043974,43.4,236.68,226.71,29.95,1.84,472,211.03,58.6,56.6,25658.8,104046.43,4055,,
7/1/2017,1033888,42.3,233.17,225.53,30.72,1.77,469,204.86,55,56.9,28310.2,113297.42,4002,,
8/1/2017,1098395,42.5,247.85,225.65,31.67,1.8,471,224.85,60.32,57.1,22999.6,96782.32,4208,,
9/1/2017,1046276,41.8,237.52,227.01,31.16,1.81,475,206.26,57.12,57.11,31255.2,137460.37,4398,,
10/1/2017,1131025,43,255.47,225.87,30.71,1.76,480,224,59.99,57.52,31463.4,132995.79,4227,,
11/1/2017,1125000,44.5,254.85,226.54,30.52,1.73,476,225.36,62.3,57.78,29497.6,124509.37,4221,,
12/1/2017,1106697,45.3,247.68,223.8,29.54,1.65,480,217.77,58.22,57.69,29912.1,127515.28,4263,,
1/1/2018,1128422,44.6,255.85,226.74,29.5,1.53,473,220.94,59.01,57.89,34952,136277.85,3899,,
2/1/2018,1016032,44.9,230.08,226.45,32.3,1.61,476,199.87,59.06,58.42,32562,124842.71,3834,,
3/1/2018,1144461,44.8,260.62,227.73,31.36,1.53,474,219.64,58.57,58.14,42005,166213.79,3957,,
4/1/2018,1097949,46.3,248.14,226,31.46,1.54,465,212.89,58.61,58.75,37475,140156.5,3740,,
5/1/2018,1142051,44.9,258.49,226.34,34.39,1.42,466,220.01,58.57,58.78,40447,148602.28,3674,,
6/1/2018,1108796,47.2,251.94,227.22,37.54,1.39,469,209.92,57.69,58.7,43508,157934.04,3630,,
7/1/2018,1129144,42,261.85,231.9,39.11,1.39,468,213.05,56.62,58.84,50265,177033.33,3522,,
8/1/2018,1187806,44.3,274.56,231.15,40.68,1.33,471,222.82,59.16,58.74,53238,178240.82,3348,,
9/1/2018,1032950,45.6,237.38,229.81,45.52,1.16,472,188.14,51.58,58.28,51258,174892.3,3412,,
10/1/2018,1210767,46.3,278.09,229.68,43.95,1.16,476,221.26,58.65,58.17,58763,185514.79,3157,,
11/1/2018,1129775,47.1,257.25,227.7,42.93,1.15,478,202.88,55.52,57.6,56251,189622.12,3371,,
12/1/2018,1124678,47.6,251.56,223.68,43.41,1.12,479,198.01,52.4,57.12,55878,183950.38,3292,,
1/1/2019,1130946,47.6,255.38,225.81,51.46,1.34,475,206.76,54.67,56.77,50266.26,162880.15,3240.3,,
2/1/2019,989680,48.1,224.2,226.54,59.71,1.52,476,175.93,51.46,56.13,49027.32,164181.26,3348.8,,
3/1/2019,1019251,49.3,230.65,226.29,60.36,1.42,472,183.03,48.31,55.28,49252.9,180716.47,3669.2,,
4/1/2019,1070475,52.3,238.74,223.03,60.92,1.38,470,182.84,49.83,54.54,57414.76,198204.01,3452.1,,
5/1/2019,1172685,52.3,261.63,223.1,60.09,1.31,471,194.71,51.31,53.94,70072.69,244814.76,3493.7,,
6/1/2019,1082169,50.6,241.26,222.94,60.54,1.35,465,175.7,47.81,53.11,67576.93,251491.76,3721.6,,
7/1/2019,1267109,48.7,285.94,225.66,60.64,1.39,465,220.09,57.91,53.22,66966.43,245798.37,3670.5,,
8/1/2019,1190601,47,270,226.78,65.54,1.21,472,191.92,50.45,52.49,79009.51,291082.45,3684.1,,
